ID,Title,Current Dept,Suggested Dept,Has Image,Placeholder Assigned
656,როუმერის ახალი პირობები,Support,Support,No,Yes
657,ISP + 10 მბ/წმ სიჩქარე - 3 ლარად,Support,Support,No,Yes
658,ISP უფასო ინსტალაციის აქცია,Support,Support,No,Yes
659,IPTV არხების ახალი პაკეტი,Technical,Technical,Yes,No
660,FTTH ტექნოლოგია,Support,Support,No,Yes
661,ძველი სააქციო შეთავაზება (დასრულებული),Support,Support,No,Yes
662,Black Friday-ს აქცია,Support,Support,No,Yes
663,Cavea + 30 დღე უფასო,Support,Support,No,Yes
664,IPTV პაკეტები,Technical,Technical,Yes,No
665,VoIP სერვისი,Support,Support,No,Yes
666,mymagti-ის საათების აქციები,Support,Support,No,Yes
667,ავანსად დარჩენილი თანხის განკარგვა,Support,Support,No,Yes
668,ბუსტი (BOOST),Support,Support,No,Yes
669,გადაფორმება,Support,Support,No,Yes
670,გადახდის საშუალებები,Support,Support,No,Yes
671,"გადახდის სისტემა, დღიური ტარიფი",Support,Support,No,Yes
672,განვადების პროცედურა,Support,Support,No,Yes
673,ერთი თემატური უფასოდ რეგიონულ პაკეტს,Support,Support,No,Yes
674,თანხის ანაზღაურების წესი,Support,Support,No,Yes
675,თანხის გადარიცხვა პორტალიდან,Support,Support,No,Yes
676,თემატური პაკეტი 3 ლარად,Support,Support,No,Yes
677,ინტერნეტ პაკეტები,Support,Support,No,Yes
678,ინტერნეტ ფილტრი,Support,Support,No,Yes
679,იურიდიული პირები,Support,Support,No,Yes
680,კორპორაციული მომხმარებლის მომსახურების პროცესი,Support,Support,No,Yes
681,კრედიტი,Support,Support,No,Yes
682,მაგთი ქარდი,Support,Support,No,Yes
683,ოპტიკური ინტერნეტის და IPTV-ის პაკეტის ცვლილების წესი,Technical,Technical,Yes,No
684,ორმაგი პაკეტები (ბანდლ პაკეტები),Support,Support,No,Yes
685,ორმაგი რეგიონალური შეთავაზება,Support,Support,No,Yes
686,ორმაგი რეგიონალური შეთავაზება (მეტი),Support,Support,No,Yes
687,რეალური IP მისამართი,Support,Support,No,Yes
688,სეზონური პაუზა,Support,Support,No,Yes
689,სერვისის დროებითი შეჩერება,Support,Support,No,Yes
690,სერვისის რეაქტივაციის საფასური,Support,Support,No,Yes
691,სერვისის ტერმინაცია,Support,Support,No,Yes
692,სტატუსები,Support,Support,No,Yes
693,უფასო ინსტალაციის აქცია ოპტიკურ ინტერნეტსა და IPTV-ზე,Technical,Technical,Yes,No
694,შეცდომით დარიცხული თანხის გადატანა/გატანის წესი,Support,Support,No,Yes
695,ჩემები,Support,Support,No,Yes
696,+ 10 მბ/წმ სიჩქარე - 3 ლარად,Support,Support,No,Yes
697,Magti TV Play,Support,Support,No,Yes
698,არასწორად გადახდილი თანხები,Support,Support,No,Yes
699,ფიქსირებული ქსელი,Support,Support,No,Yes
700,ჰოსტინგი და დომენი,Support,Support,No,Yes
701,112-ის სააბონენტო,Support,Support,No,Yes
702,HI APP თბს მოსწავლე/სტუდენტი,Support,Support,No,Yes
703,MY MAGTI-ს საათები,Support,Support,No,Yes
704,TMS,Support,Support,No,Yes
705,sms მდივანი,Support,Support,No,Yes
706,ანგარიშის შევსება/მართვა,Support,Support,No,Yes
707,აქციები/შეთავაზებები,Support,Support,No,Yes
708,გადმორეკე (Callback),Support,Support,No,Yes
709,გლობალ ერთი,Support,Support,No,Yes
710,გლოვოს კურიერების პაკეტები,Support,Support,No,Yes
711,დაბადების დღე,Support,Support,No,Yes
712,ზარის გადამისამართება (CALL DIVERT),Support,Support,No,Yes
713,ზარის დაყოვნება (CALL WAITING),Support,Support,No,Yes
714,ზარის შეზღუდვა (CALL BARRING),Support,Support,No,Yes
715,თანხის გადარიცხვა,Support,Support,No,Yes
716,კონფერენცია (CONFERENCE CALL),Support,Support,No,Yes
717,კოქტეილი,Support,Support,No,Yes
718,კოქტეილი 60 - მასტერქარდის ქეშბექ აქცია,Support,Support,No,Yes
719,მონაცემთა გადაცემა/ინტერნეტი,Support,Support,No,Yes
720,მხიარული ზუმერი,Support,Support,No,Yes
721,ნომრის ამომცნობი (Clipover),Support,Support,No,Yes
722,ნომრის დაფარვა (Clir),Support,Support,No,Yes
723,ნომრის მომსახურების სერვისი (Number save),Support,Support,No,Yes
724,პრიორიტეტების ცხრილი,Support,Support,No,Yes
725,საკვირველი დღეები,Support,Support,No,Yes
726,საცალო,Support,Support,No,Yes
727,სერვისები,Support,Support,No,Yes
728,სიმ სეილის ბონუსი,Support,Support,No,Yes
729,სტანდარტული SMS პაკეტები,Support,Support,No,Yes
730,სტანდარტული ინტერნეტ პაკეტები,Support,Support,No,Yes
731,სტანდარტული პაკეტები,Support,Support,No,Yes
732,სტანდარტული ტარიფები,Support,Support,No,Yes
733,სტანდარტული წუთობრივი პაკეტები,Support,Support,No,Yes
734,"ტარიფები, პაკეტები და შეთავაზებები",Support,Support,No,Yes
735,ტარიფი მაგთი,Support,Support,No,Yes
736,ტურისტული,Support,Support,No,Yes
737,ულიმიტო ინტერნეტ აქციები,Support,Support,No,Yes
738,ქსელში ჩართვა/გათიშვა,Support,Support,No,Yes
739,შეთავაზება კონსიერჟი,Support,Support,No,Yes
740,შეთავაზება ლიბერთი,Support,Support,No,Yes
741,შეჩერებული შეთავაზებები,Support,Support,No,Yes
742,ხმოვანი ფოსტა (Voice mail),Support,Support,No,Yes
743,მოდემის სამართავი პანელი,Support,Support,No,Yes
744,ძველი მოდემები,Support,Support,No,Yes
745,FTTB ტექნოლოგია,Support,Support,No,Yes
746,IPTV აპარატურა,Technical,Technical,Yes,No
747,IPTV ინსტრუქცია,Technical,Technical,Yes,No
748,TMS ტასკ მენეჯერი,Support,Support,No,Yes
749,აპარატურა,Technical,Technical,No,Yes
750,ბილინგ ფასადი,Support,Support,No,Yes
751,ინციდენტების მართვის სისტემა,Support,Support,No,Yes
752,ემულატორი,Support,Support,No,Yes
753,VoIP,Support,Support,No,Yes
754,Wi-Fi - ემულატორი,Support,Support,No,Yes
755,soop - პროგრამა,Support,Support,No,Yes
756,დაბლოკილი საიტები,Support,Support,No,Yes
757,დისტანციური მართვის პულტის აღწერილობა,Support,Support,No,Yes
758,დომენის რეგისტრაცია,Support,Support,No,Yes
759,ვიდეო ინსტრუქცია,Support,Support,No,Yes
760,მობილური - ტექნიკური,Technical,Technical,No,Yes
761,მობილური ტელეფონი,Support,Support,No,Yes
762,მობილური ქსელის განვითარება,Support,Support,No,Yes
763,მომსახურების სტანდარტი,Support,Support,No,Yes
764,მომხმარებლის ინსტრუქცია,Support,Support,No,Yes
765,პერსონალურ მონაცემთა დაცვა,Support,Support,No,Yes
766,როგორ გავასწოროთ ხმა,Support,Support,No,Yes
767,როგორ გავმართოთ VPN,Support,Support,No,Yes
768,როგორ შევამოწმოთ ინტერნეტი,Support,Support,No,Yes
769,როგორ შევამოწმოთ სიჩქარე,Support,Support,No,Yes
770,ქოლცენტრი,Support,Support,No,Yes
771,ჰოსტინგი ზოგადი ინფორმაცია,Support,Support,No,Yes
772,ჰოსტინგის შეძენა,Support,Support,No,Yes
