"version","requirement","level","chapter","section","status","evidence","reason","owner"
"5.0.0","V1.1.1","2","Encoding and Sanitization","Encoding and Sanitization Architecture","REVIEW_REQUIRED","","","Backend + Security"
"5.0.0","V1.1.2","2","Encoding and Sanitization","Encoding and Sanitization Architecture","REVIEW_REQUIRED","","","Backend + Security"
"5.0.0","V1.2.1","1","Encoding and Sanitization","Injection Prevention","REVIEW_REQUIRED","","","Backend + Security"
"5.0.0","V1.2.2","1","Encoding and Sanitization","Injection Prevention","REVIEW_REQUIRED","","","Backend + Security"
"5.0.0","V1.2.3","1","Encoding and Sanitization","Injection Prevention","REVIEW_REQUIRED","","","Backend + Security"
"5.0.0","V1.2.4","1","Encoding and Sanitization","Injection Prevention","REVIEW_REQUIRED","","","Backend + Security"
"5.0.0","V1.2.5","1","Encoding and Sanitization","Injection Prevention","REVIEW_REQUIRED","","","Backend + Security"
"5.0.0","V1.2.6","2","Encoding and Sanitization","Injection Prevention","REVIEW_REQUIRED","","","Backend + Security"
"5.0.0","V1.2.7","2","Encoding and Sanitization","Injection Prevention","REVIEW_REQUIRED","","","Backend + Security"
"5.0.0","V1.2.8","2","Encoding and Sanitization","Injection Prevention","REVIEW_REQUIRED","","","Backend + Security"
"5.0.0","V1.2.9","2","Encoding and Sanitization","Injection Prevention","REVIEW_REQUIRED","","","Backend + Security"
"5.0.0","V1.2.10","3","Encoding and Sanitization","Injection Prevention","REVIEW_REQUIRED","","","Backend + Security"
"5.0.0","V1.3.1","1","Encoding and Sanitization","Sanitization","REVIEW_REQUIRED","","","Backend + Security"
"5.0.0","V1.3.2","1","Encoding and Sanitization","Sanitization","REVIEW_REQUIRED","","","Backend + Security"
"5.0.0","V1.3.3","2","Encoding and Sanitization","Sanitization","REVIEW_REQUIRED","","","Backend + Security"
"5.0.0","V1.3.4","2","Encoding and Sanitization","Sanitization","REVIEW_REQUIRED","","","Backend + Security"
"5.0.0","V1.3.5","2","Encoding and Sanitization","Sanitization","REVIEW_REQUIRED","","","Backend + Security"
"5.0.0","V1.3.6","2","Encoding and Sanitization","Sanitization","REVIEW_REQUIRED","","","Backend + Security"
"5.0.0","V1.3.7","2","Encoding and Sanitization","Sanitization","REVIEW_REQUIRED","","","Backend + Security"
"5.0.0","V1.3.8","2","Encoding and Sanitization","Sanitization","REVIEW_REQUIRED","","","Backend + Security"
"5.0.0","V1.3.9","2","Encoding and Sanitization","Sanitization","REVIEW_REQUIRED","","","Backend + Security"
"5.0.0","V1.3.10","2","Encoding and Sanitization","Sanitization","REVIEW_REQUIRED","","","Backend + Security"
"5.0.0","V1.3.11","2","Encoding and Sanitization","Sanitization","REVIEW_REQUIRED","","","Backend + Security"
"5.0.0","V1.3.12","3","Encoding and Sanitization","Sanitization","REVIEW_REQUIRED","","","Backend + Security"
"5.0.0","V1.4.1","2","Encoding and Sanitization","Memory, String, and Unmanaged Code","REVIEW_REQUIRED","","","Backend + Security"
"5.0.0","V1.4.2","2","Encoding and Sanitization","Memory, String, and Unmanaged Code","REVIEW_REQUIRED","","","Backend + Security"
"5.0.0","V1.4.3","2","Encoding and Sanitization","Memory, String, and Unmanaged Code","REVIEW_REQUIRED","","","Backend + Security"
"5.0.0","V1.5.1","1","Encoding and Sanitization","Safe Deserialization","REVIEW_REQUIRED","","","Backend + Security"
"5.0.0","V1.5.2","2","Encoding and Sanitization","Safe Deserialization","REVIEW_REQUIRED","","","Backend + Security"
"5.0.0","V1.5.3","3","Encoding and Sanitization","Safe Deserialization","REVIEW_REQUIRED","","","Backend + Security"
"5.0.0","V2.1.1","1","Validation and Business Logic","Validation and Business Logic Documentation","REVIEW_REQUIRED","","","Backend + Security"
"5.0.0","V2.1.2","2","Validation and Business Logic","Validation and Business Logic Documentation","REVIEW_REQUIRED","","","Backend + Security"
"5.0.0","V2.1.3","2","Validation and Business Logic","Validation and Business Logic Documentation","REVIEW_REQUIRED","","","Backend + Security"
"5.0.0","V2.2.1","1","Validation and Business Logic","Input Validation","REVIEW_REQUIRED","","","Backend + Security"
"5.0.0","V2.2.2","1","Validation and Business Logic","Input Validation","REVIEW_REQUIRED","","","Backend + Security"
"5.0.0","V2.2.3","2","Validation and Business Logic","Input Validation","REVIEW_REQUIRED","","","Backend + Security"
"5.0.0","V2.3.1","1","Validation and Business Logic","Business Logic Security","REVIEW_REQUIRED","","","Backend + Security"
"5.0.0","V2.3.2","2","Validation and Business Logic","Business Logic Security","REVIEW_REQUIRED","","","Backend + Security"
"5.0.0","V2.3.3","2","Validation and Business Logic","Business Logic Security","REVIEW_REQUIRED","","","Backend + Security"
"5.0.0","V2.3.4","2","Validation and Business Logic","Business Logic Security","REVIEW_REQUIRED","","","Backend + Security"
"5.0.0","V2.3.5","3","Validation and Business Logic","Business Logic Security","REVIEW_REQUIRED","","","Backend + Security"
"5.0.0","V2.4.1","2","Validation and Business Logic","Anti-automation","REVIEW_REQUIRED","","","Backend + Security"
"5.0.0","V2.4.2","3","Validation and Business Logic","Anti-automation","REVIEW_REQUIRED","","","Backend + Security"
"5.0.0","V3.1.1","3","Web Frontend Security","Web Frontend Security Documentation","REVIEW_REQUIRED","","","Backend + Security"
"5.0.0","V3.2.1","1","Web Frontend Security","Unintended Content Interpretation","REVIEW_REQUIRED","","","Backend + Security"
"5.0.0","V3.2.2","1","Web Frontend Security","Unintended Content Interpretation","REVIEW_REQUIRED","","","Backend + Security"
"5.0.0","V3.2.3","3","Web Frontend Security","Unintended Content Interpretation","REVIEW_REQUIRED","","","Backend + Security"
"5.0.0","V3.3.1","1","Web Frontend Security","Cookie Setup","REVIEW_REQUIRED","","","Backend + Security"
"5.0.0","V3.3.2","2","Web Frontend Security","Cookie Setup","REVIEW_REQUIRED","","","Backend + Security"
"5.0.0","V3.3.3","2","Web Frontend Security","Cookie Setup","REVIEW_REQUIRED","","","Backend + Security"
"5.0.0","V3.3.4","2","Web Frontend Security","Cookie Setup","REVIEW_REQUIRED","","","Backend + Security"
"5.0.0","V3.3.5","3","Web Frontend Security","Cookie Setup","REVIEW_REQUIRED","","","Backend + Security"
"5.0.0","V3.4.1","1","Web Frontend Security","Browser Security Mechanism Headers","REVIEW_REQUIRED","","","Backend + Security"
"5.0.0","V3.4.2","1","Web Frontend Security","Browser Security Mechanism Headers","REVIEW_REQUIRED","","","Backend + Security"
"5.0.0","V3.4.3","2","Web Frontend Security","Browser Security Mechanism Headers","REVIEW_REQUIRED","","","Backend + Security"
"5.0.0","V3.4.4","2","Web Frontend Security","Browser Security Mechanism Headers","REVIEW_REQUIRED","","","Backend + Security"
"5.0.0","V3.4.5","2","Web Frontend Security","Browser Security Mechanism Headers","REVIEW_REQUIRED","","","Backend + Security"
"5.0.0","V3.4.6","2","Web Frontend Security","Browser Security Mechanism Headers","REVIEW_REQUIRED","","","Backend + Security"
"5.0.0","V3.4.7","3","Web Frontend Security","Browser Security Mechanism Headers","REVIEW_REQUIRED","","","Backend + Security"
"5.0.0","V3.4.8","3","Web Frontend Security","Browser Security Mechanism Headers","REVIEW_REQUIRED","","","Backend + Security"
"5.0.0","V3.5.1","1","Web Frontend Security","Browser Origin Separation","REVIEW_REQUIRED","","","Backend + Security"
"5.0.0","V3.5.2","1","Web Frontend Security","Browser Origin Separation","REVIEW_REQUIRED","","","Backend + Security"
"5.0.0","V3.5.3","1","Web Frontend Security","Browser Origin Separation","REVIEW_REQUIRED","","","Backend + Security"
"5.0.0","V3.5.4","2","Web Frontend Security","Browser Origin Separation","REVIEW_REQUIRED","","","Backend + Security"
"5.0.0","V3.5.5","2","Web Frontend Security","Browser Origin Separation","REVIEW_REQUIRED","","","Backend + Security"
"5.0.0","V3.5.6","3","Web Frontend Security","Browser Origin Separation","REVIEW_REQUIRED","","","Backend + Security"
"5.0.0","V3.5.7","3","Web Frontend Security","Browser Origin Separation","REVIEW_REQUIRED","","","Backend + Security"
"5.0.0","V3.5.8","3","Web Frontend Security","Browser Origin Separation","REVIEW_REQUIRED","","","Backend + Security"
"5.0.0","V3.6.1","3","Web Frontend Security","External Resource Integrity","REVIEW_REQUIRED","","","Backend + Security"
"5.0.0","V3.7.1","2","Web Frontend Security","Other Browser Security Considerations","REVIEW_REQUIRED","","","Backend + Security"
"5.0.0","V3.7.2","2","Web Frontend Security","Other Browser Security Considerations","REVIEW_REQUIRED","","","Backend + Security"
"5.0.0","V3.7.3","3","Web Frontend Security","Other Browser Security Considerations","REVIEW_REQUIRED","","","Backend + Security"
"5.0.0","V3.7.4","3","Web Frontend Security","Other Browser Security Considerations","REVIEW_REQUIRED","","","Backend + Security"
"5.0.0","V3.7.5","3","Web Frontend Security","Other Browser Security Considerations","REVIEW_REQUIRED","","","Backend + Security"
"5.0.0","V4.1.1","1","API and Web Service","Generic Web Service Security","REVIEW_REQUIRED","","","Backend + Security"
"5.0.0","V4.1.2","2","API and Web Service","Generic Web Service Security","REVIEW_REQUIRED","","","Backend + Security"
"5.0.0","V4.1.3","2","API and Web Service","Generic Web Service Security","PARTIAL_EVIDENCE","ClientIpResolverTest; ProxyLoginAttributionIntegrationTest","","Backend + Security"
"5.0.0","V4.1.4","3","API and Web Service","Generic Web Service Security","REVIEW_REQUIRED","","","Backend + Security"
"5.0.0","V4.1.5","3","API and Web Service","Generic Web Service Security","REVIEW_REQUIRED","","","Backend + Security"
"5.0.0","V4.2.1","2","API and Web Service","HTTP Message Structure Validation","REVIEW_REQUIRED","","","Backend + Security"
"5.0.0","V4.2.2","3","API and Web Service","HTTP Message Structure Validation","REVIEW_REQUIRED","","","Backend + Security"
"5.0.0","V4.2.3","3","API and Web Service","HTTP Message Structure Validation","REVIEW_REQUIRED","","","Backend + Security"
"5.0.0","V4.2.4","3","API and Web Service","HTTP Message Structure Validation","REVIEW_REQUIRED","","","Backend + Security"
"5.0.0","V4.2.5","3","API and Web Service","HTTP Message Structure Validation","REVIEW_REQUIRED","","","Backend + Security"
"5.0.0","V4.3.1","2","API and Web Service","GraphQL","NOT_APPLICABLE","","No GraphQL, WebSocket, or WebRTC implementation in current Java/Angular source","Backend + Security"
"5.0.0","V4.3.2","2","API and Web Service","GraphQL","NOT_APPLICABLE","","No GraphQL, WebSocket, or WebRTC implementation in current Java/Angular source","Backend + Security"
"5.0.0","V4.4.1","1","API and Web Service","WebSocket","NOT_APPLICABLE","","No GraphQL, WebSocket, or WebRTC implementation in current Java/Angular source","Backend + Security"
"5.0.0","V4.4.2","2","API and Web Service","WebSocket","NOT_APPLICABLE","","No GraphQL, WebSocket, or WebRTC implementation in current Java/Angular source","Backend + Security"
"5.0.0","V4.4.3","2","API and Web Service","WebSocket","NOT_APPLICABLE","","No GraphQL, WebSocket, or WebRTC implementation in current Java/Angular source","Backend + Security"
"5.0.0","V4.4.4","2","API and Web Service","WebSocket","NOT_APPLICABLE","","No GraphQL, WebSocket, or WebRTC implementation in current Java/Angular source","Backend + Security"
"5.0.0","V5.1.1","2","File Handling","File Handling Documentation","REVIEW_REQUIRED","","","Backend + Security"
"5.0.0","V5.2.1","1","File Handling","File Upload and Content","PARTIAL_EVIDENCE","UploadControllerIntegrationTest; nginx-upload.spec.ts","","Backend + Security"
"5.0.0","V5.2.2","1","File Handling","File Upload and Content","PARTIAL_EVIDENCE","FileTypeVerifierTest","","Backend + Security"
"5.0.0","V5.2.3","2","File Handling","File Upload and Content","REVIEW_REQUIRED","","","Backend + Security"
"5.0.0","V5.2.4","3","File Handling","File Upload and Content","REVIEW_REQUIRED","","","Backend + Security"
"5.0.0","V5.2.5","3","File Handling","File Upload and Content","REVIEW_REQUIRED","","","Backend + Security"
"5.0.0","V5.2.6","3","File Handling","File Upload and Content","REVIEW_REQUIRED","","","Backend + Security"
"5.0.0","V5.3.1","1","File Handling","File Storage","REVIEW_REQUIRED","","","Backend + Security"
"5.0.0","V5.3.2","1","File Handling","File Storage","REVIEW_REQUIRED","","","Backend + Security"
"5.0.0","V5.3.3","3","File Handling","File Storage","REVIEW_REQUIRED","","","Backend + Security"
"5.0.0","V5.4.1","2","File Handling","File Download","REVIEW_REQUIRED","","","Backend + Security"
"5.0.0","V5.4.2","2","File Handling","File Download","REVIEW_REQUIRED","","","Backend + Security"
"5.0.0","V5.4.3","2","File Handling","File Download","REVIEW_REQUIRED","","","Backend + Security"
"5.0.0","V6.1.1","1","Authentication","Authentication Documentation","REVIEW_REQUIRED","","","Backend + Security"
"5.0.0","V6.1.2","2","Authentication","Authentication Documentation","REVIEW_REQUIRED","","","Backend + Security"
"5.0.0","V6.1.3","2","Authentication","Authentication Documentation","REVIEW_REQUIRED","","","Backend + Security"
"5.0.0","V6.2.1","1","Authentication","Password Security","REVIEW_REQUIRED","","","Backend + Security"
"5.0.0","V6.2.2","1","Authentication","Password Security","REVIEW_REQUIRED","","","Backend + Security"
"5.0.0","V6.2.3","1","Authentication","Password Security","REVIEW_REQUIRED","","","Backend + Security"
"5.0.0","V6.2.4","1","Authentication","Password Security","REVIEW_REQUIRED","","","Backend + Security"
"5.0.0","V6.2.5","1","Authentication","Password Security","REVIEW_REQUIRED","","","Backend + Security"
"5.0.0","V6.2.6","1","Authentication","Password Security","REVIEW_REQUIRED","","","Backend + Security"
"5.0.0","V6.2.7","1","Authentication","Password Security","REVIEW_REQUIRED","","","Backend + Security"
"5.0.0","V6.2.8","1","Authentication","Password Security","REVIEW_REQUIRED","","","Backend + Security"
"5.0.0","V6.2.9","2","Authentication","Password Security","REVIEW_REQUIRED","","","Backend + Security"
"5.0.0","V6.2.10","2","Authentication","Password Security","REVIEW_REQUIRED","","","Backend + Security"
"5.0.0","V6.2.11","2","Authentication","Password Security","REVIEW_REQUIRED","","","Backend + Security"
"5.0.0","V6.2.12","2","Authentication","Password Security","REVIEW_REQUIRED","","","Backend + Security"
"5.0.0","V6.3.1","1","Authentication","General Authentication Security","PARTIAL_EVIDENCE","SharedLoginThrottleIntegrationTest","","Backend + Security"
"5.0.0","V6.3.2","1","Authentication","General Authentication Security","REVIEW_REQUIRED","","","Backend + Security"
"5.0.0","V6.3.3","2","Authentication","General Authentication Security","REVIEW_REQUIRED","","","Backend + Security"
"5.0.0","V6.3.4","2","Authentication","General Authentication Security","REVIEW_REQUIRED","","","Backend + Security"
"5.0.0","V6.3.5","3","Authentication","General Authentication Security","REVIEW_REQUIRED","","","Backend + Security"
"5.0.0","V6.3.6","3","Authentication","General Authentication Security","REVIEW_REQUIRED","","","Backend + Security"
"5.0.0","V6.3.7","3","Authentication","General Authentication Security","REVIEW_REQUIRED","","","Backend + Security"
"5.0.0","V6.3.8","3","Authentication","General Authentication Security","PARTIAL_EVIDENCE","CorporateLoginIntegrationTest","","Backend + Security"
"5.0.0","V6.4.1","1","Authentication","Authentication Factor Lifecycle and Recovery","REVIEW_REQUIRED","","","Backend + Security"
"5.0.0","V6.4.2","1","Authentication","Authentication Factor Lifecycle and Recovery","REVIEW_REQUIRED","","","Backend + Security"
"5.0.0","V6.4.3","2","Authentication","Authentication Factor Lifecycle and Recovery","REVIEW_REQUIRED","","","Backend + Security"
"5.0.0","V6.4.4","2","Authentication","Authentication Factor Lifecycle and Recovery","REVIEW_REQUIRED","","","Backend + Security"
"5.0.0","V6.4.5","3","Authentication","Authentication Factor Lifecycle and Recovery","REVIEW_REQUIRED","","","Backend + Security"
"5.0.0","V6.4.6","3","Authentication","Authentication Factor Lifecycle and Recovery","REVIEW_REQUIRED","","","Backend + Security"
"5.0.0","V6.5.1","2","Authentication","General Multi-factor authentication requirements","REVIEW_REQUIRED","","","Backend + Security"
"5.0.0","V6.5.2","2","Authentication","General Multi-factor authentication requirements","REVIEW_REQUIRED","","","Backend + Security"
"5.0.0","V6.5.3","2","Authentication","General Multi-factor authentication requirements","REVIEW_REQUIRED","","","Backend + Security"
"5.0.0","V6.5.4","2","Authentication","General Multi-factor authentication requirements","REVIEW_REQUIRED","","","Backend + Security"
"5.0.0","V6.5.5","2","Authentication","General Multi-factor authentication requirements","REVIEW_REQUIRED","","","Backend + Security"
"5.0.0","V6.5.6","3","Authentication","General Multi-factor authentication requirements","REVIEW_REQUIRED","","","Backend + Security"
"5.0.0","V6.5.7","3","Authentication","General Multi-factor authentication requirements","REVIEW_REQUIRED","","","Backend + Security"
"5.0.0","V6.5.8","3","Authentication","General Multi-factor authentication requirements","REVIEW_REQUIRED","","","Backend + Security"
"5.0.0","V6.6.1","2","Authentication","Out-of-Band authentication mechanisms","REVIEW_REQUIRED","","","Backend + Security"
"5.0.0","V6.6.2","2","Authentication","Out-of-Band authentication mechanisms","REVIEW_REQUIRED","","","Backend + Security"
"5.0.0","V6.6.3","2","Authentication","Out-of-Band authentication mechanisms","REVIEW_REQUIRED","","","Backend + Security"
"5.0.0","V6.6.4","3","Authentication","Out-of-Band authentication mechanisms","REVIEW_REQUIRED","","","Backend + Security"
"5.0.0","V6.7.1","3","Authentication","Cryptographic authentication mechanism","REVIEW_REQUIRED","","","Backend + Security"
"5.0.0","V6.7.2","3","Authentication","Cryptographic authentication mechanism","REVIEW_REQUIRED","","","Backend + Security"
"5.0.0","V6.8.1","2","Authentication","Authentication with an Identity Provider","REVIEW_REQUIRED","","","Backend + Security"
"5.0.0","V6.8.2","2","Authentication","Authentication with an Identity Provider","REVIEW_REQUIRED","","","Backend + Security"
"5.0.0","V6.8.3","2","Authentication","Authentication with an Identity Provider","REVIEW_REQUIRED","","","Backend + Security"
"5.0.0","V6.8.4","2","Authentication","Authentication with an Identity Provider","REVIEW_REQUIRED","","","Backend + Security"
"5.0.0","V7.1.1","2","Session Management","Session Management Documentation","REVIEW_REQUIRED","","","Backend + Security"
"5.0.0","V7.1.2","2","Session Management","Session Management Documentation","REVIEW_REQUIRED","","","Backend + Security"
"5.0.0","V7.1.3","2","Session Management","Session Management Documentation","REVIEW_REQUIRED","","","Backend + Security"
"5.0.0","V7.2.1","1","Session Management","Fundamental Session Management Security","REVIEW_REQUIRED","","","Backend + Security"
"5.0.0","V7.2.2","1","Session Management","Fundamental Session Management Security","REVIEW_REQUIRED","","","Backend + Security"
"5.0.0","V7.2.3","1","Session Management","Fundamental Session Management Security","REVIEW_REQUIRED","","","Backend + Security"
"5.0.0","V7.2.4","1","Session Management","Fundamental Session Management Security","REVIEW_REQUIRED","","","Backend + Security"
"5.0.0","V7.3.1","2","Session Management","Session Timeout","REVIEW_REQUIRED","","","Backend + Security"
"5.0.0","V7.3.2","2","Session Management","Session Timeout","REVIEW_REQUIRED","","","Backend + Security"
"5.0.0","V7.4.1","1","Session Management","Session Termination","REVIEW_REQUIRED","","","Backend + Security"
"5.0.0","V7.4.2","1","Session Management","Session Termination","PARTIAL_EVIDENCE","JwtAuthenticationFilterTest; admin-bulk-deactivate.spec.ts","","Backend + Security"
"5.0.0","V7.4.3","2","Session Management","Session Termination","REVIEW_REQUIRED","","","Backend + Security"
"5.0.0","V7.4.4","2","Session Management","Session Termination","REVIEW_REQUIRED","","","Backend + Security"
"5.0.0","V7.4.5","2","Session Management","Session Termination","REVIEW_REQUIRED","","","Backend + Security"
"5.0.0","V7.5.1","2","Session Management","Defenses Against Session Abuse","REVIEW_REQUIRED","","","Backend + Security"
"5.0.0","V7.5.2","2","Session Management","Defenses Against Session Abuse","REVIEW_REQUIRED","","","Backend + Security"
"5.0.0","V7.5.3","3","Session Management","Defenses Against Session Abuse","REVIEW_REQUIRED","","","Backend + Security"
"5.0.0","V7.6.1","2","Session Management","Federated Re-authentication","REVIEW_REQUIRED","","","Backend + Security"
"5.0.0","V7.6.2","2","Session Management","Federated Re-authentication","REVIEW_REQUIRED","","","Backend + Security"
"5.0.0","V8.1.1","1","Authorization","Authorization Documentation","PARTIAL_EVIDENCE","ACCESS_CONTRACT_MATRIX_KA.md; AccessContractCoverageTest","","Backend + Security"
"5.0.0","V8.1.2","2","Authorization","Authorization Documentation","REVIEW_REQUIRED","","","Backend + Security"
"5.0.0","V8.1.3","3","Authorization","Authorization Documentation","REVIEW_REQUIRED","","","Backend + Security"
"5.0.0","V8.1.4","3","Authorization","Authorization Documentation","REVIEW_REQUIRED","","","Backend + Security"
"5.0.0","V8.2.1","1","Authorization","General Authorization Design","REVIEW_REQUIRED","","","Backend + Security"
"5.0.0","V8.2.2","1","Authorization","General Authorization Design","PARTIAL_EVIDENCE","DenyByDefaultIntegrationTest; FileEntitlementEnforcedIntegrationTest","","Backend + Security"
"5.0.0","V8.2.3","2","Authorization","General Authorization Design","REVIEW_REQUIRED","","","Backend + Security"
"5.0.0","V8.2.4","3","Authorization","General Authorization Design","REVIEW_REQUIRED","","","Backend + Security"
"5.0.0","V8.3.1","1","Authorization","Operation Level Authorization","REVIEW_REQUIRED","","","Backend + Security"
"5.0.0","V8.3.2","3","Authorization","Operation Level Authorization","PARTIAL_EVIDENCE","JwtAuthenticationFilterTest; CorporateLoginIntegrationTest","","Backend + Security"
"5.0.0","V8.3.3","3","Authorization","Operation Level Authorization","REVIEW_REQUIRED","","","Backend + Security"
"5.0.0","V8.4.1","2","Authorization","Other Authorization Considerations","REVIEW_REQUIRED","","","Backend + Security"
"5.0.0","V8.4.2","3","Authorization","Other Authorization Considerations","REVIEW_REQUIRED","","","Backend + Security"
"5.0.0","V9.1.1","1","Self-contained Tokens","Token source and integrity","PARTIAL_EVIDENCE","JwtAuthenticationFilterTest","","Backend + Security"
"5.0.0","V9.1.2","1","Self-contained Tokens","Token source and integrity","REVIEW_REQUIRED","","","Backend + Security"
"5.0.0","V9.1.3","1","Self-contained Tokens","Token source and integrity","REVIEW_REQUIRED","","","Backend + Security"
"5.0.0","V9.2.1","1","Self-contained Tokens","Token content","REVIEW_REQUIRED","","","Backend + Security"
"5.0.0","V9.2.2","2","Self-contained Tokens","Token content","REVIEW_REQUIRED","","","Backend + Security"
"5.0.0","V9.2.3","2","Self-contained Tokens","Token content","REVIEW_REQUIRED","","","Backend + Security"
"5.0.0","V9.2.4","2","Self-contained Tokens","Token content","REVIEW_REQUIRED","","","Backend + Security"
"5.0.0","V10.1.1","2","OAuth and OIDC","Generic OAuth and OIDC Security","REVIEW_REQUIRED","","","IT IAM + Security"
"5.0.0","V10.1.2","2","OAuth and OIDC","Generic OAuth and OIDC Security","REVIEW_REQUIRED","","","IT IAM + Security"
"5.0.0","V10.2.1","2","OAuth and OIDC","OAuth Client","REVIEW_REQUIRED","","","IT IAM + Security"
"5.0.0","V10.2.2","2","OAuth and OIDC","OAuth Client","REVIEW_REQUIRED","","","IT IAM + Security"
"5.0.0","V10.2.3","3","OAuth and OIDC","OAuth Client","REVIEW_REQUIRED","","","IT IAM + Security"
"5.0.0","V10.3.1","2","OAuth and OIDC","OAuth Resource Server","REVIEW_REQUIRED","","","IT IAM + Security"
"5.0.0","V10.3.2","2","OAuth and OIDC","OAuth Resource Server","REVIEW_REQUIRED","","","IT IAM + Security"
"5.0.0","V10.3.3","2","OAuth and OIDC","OAuth Resource Server","REVIEW_REQUIRED","","","IT IAM + Security"
"5.0.0","V10.3.4","2","OAuth and OIDC","OAuth Resource Server","REVIEW_REQUIRED","","","IT IAM + Security"
"5.0.0","V10.3.5","3","OAuth and OIDC","OAuth Resource Server","REVIEW_REQUIRED","","","IT IAM + Security"
"5.0.0","V10.4.1","1","OAuth and OIDC","OAuth Authorization Server","REVIEW_REQUIRED","","","IT IAM + Security"
"5.0.0","V10.4.2","1","OAuth and OIDC","OAuth Authorization Server","REVIEW_REQUIRED","","","IT IAM + Security"
"5.0.0","V10.4.3","1","OAuth and OIDC","OAuth Authorization Server","REVIEW_REQUIRED","","","IT IAM + Security"
"5.0.0","V10.4.4","1","OAuth and OIDC","OAuth Authorization Server","REVIEW_REQUIRED","","","IT IAM + Security"
"5.0.0","V10.4.5","1","OAuth and OIDC","OAuth Authorization Server","REVIEW_REQUIRED","","","IT IAM + Security"
"5.0.0","V10.4.6","2","OAuth and OIDC","OAuth Authorization Server","REVIEW_REQUIRED","","","IT IAM + Security"
"5.0.0","V10.4.7","2","OAuth and OIDC","OAuth Authorization Server","REVIEW_REQUIRED","","","IT IAM + Security"
"5.0.0","V10.4.8","2","OAuth and OIDC","OAuth Authorization Server","REVIEW_REQUIRED","","","IT IAM + Security"
"5.0.0","V10.4.9","2","OAuth and OIDC","OAuth Authorization Server","REVIEW_REQUIRED","","","IT IAM + Security"
"5.0.0","V10.4.10","2","OAuth and OIDC","OAuth Authorization Server","REVIEW_REQUIRED","","","IT IAM + Security"
"5.0.0","V10.4.11","2","OAuth and OIDC","OAuth Authorization Server","REVIEW_REQUIRED","","","IT IAM + Security"
"5.0.0","V10.4.12","3","OAuth and OIDC","OAuth Authorization Server","REVIEW_REQUIRED","","","IT IAM + Security"
"5.0.0","V10.4.13","3","OAuth and OIDC","OAuth Authorization Server","REVIEW_REQUIRED","","","IT IAM + Security"
"5.0.0","V10.4.14","3","OAuth and OIDC","OAuth Authorization Server","REVIEW_REQUIRED","","","IT IAM + Security"
"5.0.0","V10.4.15","3","OAuth and OIDC","OAuth Authorization Server","REVIEW_REQUIRED","","","IT IAM + Security"
"5.0.0","V10.4.16","3","OAuth and OIDC","OAuth Authorization Server","REVIEW_REQUIRED","","","IT IAM + Security"
"5.0.0","V10.5.1","2","OAuth and OIDC","OIDC Client","REVIEW_REQUIRED","","","IT IAM + Security"
"5.0.0","V10.5.2","2","OAuth and OIDC","OIDC Client","REVIEW_REQUIRED","","","IT IAM + Security"
"5.0.0","V10.5.3","2","OAuth and OIDC","OIDC Client","REVIEW_REQUIRED","","","IT IAM + Security"
"5.0.0","V10.5.4","2","OAuth and OIDC","OIDC Client","REVIEW_REQUIRED","","","IT IAM + Security"
"5.0.0","V10.5.5","2","OAuth and OIDC","OIDC Client","REVIEW_REQUIRED","","","IT IAM + Security"
"5.0.0","V10.6.1","2","OAuth and OIDC","OpenID Provider","REVIEW_REQUIRED","","","IT IAM + Security"
"5.0.0","V10.6.2","2","OAuth and OIDC","OpenID Provider","REVIEW_REQUIRED","","","IT IAM + Security"
"5.0.0","V10.7.1","2","OAuth and OIDC","Consent Management","REVIEW_REQUIRED","","","IT IAM + Security"
"5.0.0","V10.7.2","2","OAuth and OIDC","Consent Management","REVIEW_REQUIRED","","","IT IAM + Security"
"5.0.0","V10.7.3","2","OAuth and OIDC","Consent Management","REVIEW_REQUIRED","","","IT IAM + Security"
"5.0.0","V11.1.1","2","Cryptography","Cryptographic Inventory and Documentation","REVIEW_REQUIRED","","","Backend + Security"
"5.0.0","V11.1.2","2","Cryptography","Cryptographic Inventory and Documentation","REVIEW_REQUIRED","","","Backend + Security"
"5.0.0","V11.1.3","3","Cryptography","Cryptographic Inventory and Documentation","REVIEW_REQUIRED","","","Backend + Security"
"5.0.0","V11.1.4","3","Cryptography","Cryptographic Inventory and Documentation","REVIEW_REQUIRED","","","Backend + Security"
"5.0.0","V11.2.1","2","Cryptography","Secure Cryptography Implementation","REVIEW_REQUIRED","","","Backend + Security"
"5.0.0","V11.2.2","2","Cryptography","Secure Cryptography Implementation","REVIEW_REQUIRED","","","Backend + Security"
"5.0.0","V11.2.3","2","Cryptography","Secure Cryptography Implementation","REVIEW_REQUIRED","","","Backend + Security"
"5.0.0","V11.2.4","3","Cryptography","Secure Cryptography Implementation","REVIEW_REQUIRED","","","Backend + Security"
"5.0.0","V11.2.5","3","Cryptography","Secure Cryptography Implementation","REVIEW_REQUIRED","","","Backend + Security"
"5.0.0","V11.3.1","1","Cryptography","Encryption Algorithms","REVIEW_REQUIRED","","","Backend + Security"
"5.0.0","V11.3.2","1","Cryptography","Encryption Algorithms","REVIEW_REQUIRED","","","Backend + Security"
"5.0.0","V11.3.3","2","Cryptography","Encryption Algorithms","REVIEW_REQUIRED","","","Backend + Security"
"5.0.0","V11.3.4","3","Cryptography","Encryption Algorithms","REVIEW_REQUIRED","","","Backend + Security"
"5.0.0","V11.3.5","3","Cryptography","Encryption Algorithms","REVIEW_REQUIRED","","","Backend + Security"
"5.0.0","V11.4.1","1","Cryptography","Hashing and Hash-based Functions","REVIEW_REQUIRED","","","Backend + Security"
"5.0.0","V11.4.2","2","Cryptography","Hashing and Hash-based Functions","REVIEW_REQUIRED","","","Backend + Security"
"5.0.0","V11.4.3","2","Cryptography","Hashing and Hash-based Functions","REVIEW_REQUIRED","","","Backend + Security"
"5.0.0","V11.4.4","2","Cryptography","Hashing and Hash-based Functions","REVIEW_REQUIRED","","","Backend + Security"
"5.0.0","V11.5.1","2","Cryptography","Random Values","REVIEW_REQUIRED","","","Backend + Security"
"5.0.0","V11.5.2","3","Cryptography","Random Values","REVIEW_REQUIRED","","","Backend + Security"
"5.0.0","V11.6.1","2","Cryptography","Public Key Cryptography","REVIEW_REQUIRED","","","Backend + Security"
"5.0.0","V11.6.2","3","Cryptography","Public Key Cryptography","REVIEW_REQUIRED","","","Backend + Security"
"5.0.0","V11.7.1","3","Cryptography","In-Use Data Cryptography","REVIEW_REQUIRED","","","Backend + Security"
"5.0.0","V11.7.2","3","Cryptography","In-Use Data Cryptography","REVIEW_REQUIRED","","","Backend + Security"
"5.0.0","V12.1.1","1","Secure Communication","General TLS Security Guidance","REVIEW_REQUIRED","","","DevOps + Security"
"5.0.0","V12.1.2","2","Secure Communication","General TLS Security Guidance","REVIEW_REQUIRED","","","DevOps + Security"
"5.0.0","V12.1.3","2","Secure Communication","General TLS Security Guidance","REVIEW_REQUIRED","","","DevOps + Security"
"5.0.0","V12.1.4","3","Secure Communication","General TLS Security Guidance","REVIEW_REQUIRED","","","DevOps + Security"
"5.0.0","V12.1.5","3","Secure Communication","General TLS Security Guidance","REVIEW_REQUIRED","","","DevOps + Security"
"5.0.0","V12.2.1","1","Secure Communication","HTTPS Communication with External Facing Services","REVIEW_REQUIRED","","","DevOps + Security"
"5.0.0","V12.2.2","1","Secure Communication","HTTPS Communication with External Facing Services","REVIEW_REQUIRED","","","DevOps + Security"
"5.0.0","V12.3.1","2","Secure Communication","General Service to Service Communication Security","REVIEW_REQUIRED","","","DevOps + Security"
"5.0.0","V12.3.2","2","Secure Communication","General Service to Service Communication Security","REVIEW_REQUIRED","","","DevOps + Security"
"5.0.0","V12.3.3","2","Secure Communication","General Service to Service Communication Security","REVIEW_REQUIRED","","","DevOps + Security"
"5.0.0","V12.3.4","2","Secure Communication","General Service to Service Communication Security","REVIEW_REQUIRED","","","DevOps + Security"
"5.0.0","V12.3.5","3","Secure Communication","General Service to Service Communication Security","REVIEW_REQUIRED","","","DevOps + Security"
"5.0.0","V13.1.1","2","Configuration","Configuration Documentation","REVIEW_REQUIRED","","","DevOps + Security"
"5.0.0","V13.1.2","3","Configuration","Configuration Documentation","REVIEW_REQUIRED","","","DevOps + Security"
"5.0.0","V13.1.3","3","Configuration","Configuration Documentation","REVIEW_REQUIRED","","","DevOps + Security"
"5.0.0","V13.1.4","3","Configuration","Configuration Documentation","REVIEW_REQUIRED","","","DevOps + Security"
"5.0.0","V13.2.1","2","Configuration","Backend Communication Configuration","REVIEW_REQUIRED","","","DevOps + Security"
"5.0.0","V13.2.2","2","Configuration","Backend Communication Configuration","REVIEW_REQUIRED","","","DevOps + Security"
"5.0.0","V13.2.3","2","Configuration","Backend Communication Configuration","REVIEW_REQUIRED","","","DevOps + Security"
"5.0.0","V13.2.4","2","Configuration","Backend Communication Configuration","REVIEW_REQUIRED","","","DevOps + Security"
"5.0.0","V13.2.5","2","Configuration","Backend Communication Configuration","REVIEW_REQUIRED","","","DevOps + Security"
"5.0.0","V13.2.6","3","Configuration","Backend Communication Configuration","REVIEW_REQUIRED","","","DevOps + Security"
"5.0.0","V13.3.1","2","Configuration","Secret Management","REVIEW_REQUIRED","","","DevOps + Security"
"5.0.0","V13.3.2","2","Configuration","Secret Management","REVIEW_REQUIRED","","","DevOps + Security"
"5.0.0","V13.3.3","3","Configuration","Secret Management","REVIEW_REQUIRED","","","DevOps + Security"
"5.0.0","V13.3.4","3","Configuration","Secret Management","REVIEW_REQUIRED","","","DevOps + Security"
"5.0.0","V13.4.1","1","Configuration","Unintended Information Leakage","REVIEW_REQUIRED","","","DevOps + Security"
"5.0.0","V13.4.2","2","Configuration","Unintended Information Leakage","REVIEW_REQUIRED","","","DevOps + Security"
"5.0.0","V13.4.3","2","Configuration","Unintended Information Leakage","REVIEW_REQUIRED","","","DevOps + Security"
"5.0.0","V13.4.4","2","Configuration","Unintended Information Leakage","REVIEW_REQUIRED","","","DevOps + Security"
"5.0.0","V13.4.5","2","Configuration","Unintended Information Leakage","REVIEW_REQUIRED","","","DevOps + Security"
"5.0.0","V13.4.6","3","Configuration","Unintended Information Leakage","REVIEW_REQUIRED","","","DevOps + Security"
"5.0.0","V13.4.7","3","Configuration","Unintended Information Leakage","REVIEW_REQUIRED","","","DevOps + Security"
"5.0.0","V14.1.1","2","Data Protection","Data Protection Documentation","REVIEW_REQUIRED","","","DBA + Security"
"5.0.0","V14.1.2","2","Data Protection","Data Protection Documentation","REVIEW_REQUIRED","","","DBA + Security"
"5.0.0","V14.2.1","1","Data Protection","General Data Protection","REVIEW_REQUIRED","","","DBA + Security"
"5.0.0","V14.2.2","2","Data Protection","General Data Protection","REVIEW_REQUIRED","","","DBA + Security"
"5.0.0","V14.2.3","2","Data Protection","General Data Protection","REVIEW_REQUIRED","","","DBA + Security"
"5.0.0","V14.2.4","2","Data Protection","General Data Protection","REVIEW_REQUIRED","","","DBA + Security"
"5.0.0","V14.2.5","3","Data Protection","General Data Protection","REVIEW_REQUIRED","","","DBA + Security"
"5.0.0","V14.2.6","3","Data Protection","General Data Protection","REVIEW_REQUIRED","","","DBA + Security"
"5.0.0","V14.2.7","3","Data Protection","General Data Protection","REVIEW_REQUIRED","","","DBA + Security"
"5.0.0","V14.2.8","3","Data Protection","General Data Protection","REVIEW_REQUIRED","","","DBA + Security"
"5.0.0","V14.3.1","1","Data Protection","Client-side Data Protection","REVIEW_REQUIRED","","","DBA + Security"
"5.0.0","V14.3.2","2","Data Protection","Client-side Data Protection","REVIEW_REQUIRED","","","DBA + Security"
"5.0.0","V14.3.3","2","Data Protection","Client-side Data Protection","REVIEW_REQUIRED","","","DBA + Security"
"5.0.0","V15.1.1","1","Secure Coding and Architecture","Secure Coding and Architecture Documentation","REVIEW_REQUIRED","","","Backend + Security"
"5.0.0","V15.1.2","2","Secure Coding and Architecture","Secure Coding and Architecture Documentation","REVIEW_REQUIRED","","","Backend + Security"
"5.0.0","V15.1.3","2","Secure Coding and Architecture","Secure Coding and Architecture Documentation","REVIEW_REQUIRED","","","Backend + Security"
"5.0.0","V15.1.4","3","Secure Coding and Architecture","Secure Coding and Architecture Documentation","REVIEW_REQUIRED","","","Backend + Security"
"5.0.0","V15.1.5","3","Secure Coding and Architecture","Secure Coding and Architecture Documentation","REVIEW_REQUIRED","","","Backend + Security"
"5.0.0","V15.2.1","1","Secure Coding and Architecture","Security Architecture and Dependencies","REVIEW_REQUIRED","","","Backend + Security"
"5.0.0","V15.2.2","2","Secure Coding and Architecture","Security Architecture and Dependencies","REVIEW_REQUIRED","","","Backend + Security"
"5.0.0","V15.2.3","2","Secure Coding and Architecture","Security Architecture and Dependencies","REVIEW_REQUIRED","","","Backend + Security"
"5.0.0","V15.2.4","3","Secure Coding and Architecture","Security Architecture and Dependencies","REVIEW_REQUIRED","","","Backend + Security"
"5.0.0","V15.2.5","3","Secure Coding and Architecture","Security Architecture and Dependencies","REVIEW_REQUIRED","","","Backend + Security"
"5.0.0","V15.3.1","1","Secure Coding and Architecture","Defensive Coding","REVIEW_REQUIRED","","","Backend + Security"
"5.0.0","V15.3.2","2","Secure Coding and Architecture","Defensive Coding","REVIEW_REQUIRED","","","Backend + Security"
"5.0.0","V15.3.3","2","Secure Coding and Architecture","Defensive Coding","REVIEW_REQUIRED","","","Backend + Security"
"5.0.0","V15.3.4","2","Secure Coding and Architecture","Defensive Coding","REVIEW_REQUIRED","","","Backend + Security"
"5.0.0","V15.3.5","2","Secure Coding and Architecture","Defensive Coding","REVIEW_REQUIRED","","","Backend + Security"
"5.0.0","V15.3.6","2","Secure Coding and Architecture","Defensive Coding","REVIEW_REQUIRED","","","Backend + Security"
"5.0.0","V15.3.7","2","Secure Coding and Architecture","Defensive Coding","REVIEW_REQUIRED","","","Backend + Security"
"5.0.0","V15.4.1","3","Secure Coding and Architecture","Safe Concurrency","REVIEW_REQUIRED","","","Backend + Security"
"5.0.0","V15.4.2","3","Secure Coding and Architecture","Safe Concurrency","REVIEW_REQUIRED","","","Backend + Security"
"5.0.0","V15.4.3","3","Secure Coding and Architecture","Safe Concurrency","REVIEW_REQUIRED","","","Backend + Security"
"5.0.0","V15.4.4","3","Secure Coding and Architecture","Safe Concurrency","REVIEW_REQUIRED","","","Backend + Security"
"5.0.0","V16.1.1","2","Security Logging and Error Handling","Security Logging Documentation","REVIEW_REQUIRED","","","Backend + Security"
"5.0.0","V16.2.1","2","Security Logging and Error Handling","General Logging","REVIEW_REQUIRED","","","Backend + Security"
"5.0.0","V16.2.2","2","Security Logging and Error Handling","General Logging","REVIEW_REQUIRED","","","Backend + Security"
"5.0.0","V16.2.3","2","Security Logging and Error Handling","General Logging","REVIEW_REQUIRED","","","Backend + Security"
"5.0.0","V16.2.4","2","Security Logging and Error Handling","General Logging","REVIEW_REQUIRED","","","Backend + Security"
"5.0.0","V16.2.5","2","Security Logging and Error Handling","General Logging","REVIEW_REQUIRED","","","Backend + Security"
"5.0.0","V16.3.1","2","Security Logging and Error Handling","Security Events","REVIEW_REQUIRED","","","Backend + Security"
"5.0.0","V16.3.2","2","Security Logging and Error Handling","Security Events","REVIEW_REQUIRED","","","Backend + Security"
"5.0.0","V16.3.3","2","Security Logging and Error Handling","Security Events","REVIEW_REQUIRED","","","Backend + Security"
"5.0.0","V16.3.4","2","Security Logging and Error Handling","Security Events","REVIEW_REQUIRED","","","Backend + Security"
"5.0.0","V16.4.1","2","Security Logging and Error Handling","Log Protection","REVIEW_REQUIRED","","","Backend + Security"
"5.0.0","V16.4.2","2","Security Logging and Error Handling","Log Protection","REVIEW_REQUIRED","","","Backend + Security"
"5.0.0","V16.4.3","2","Security Logging and Error Handling","Log Protection","REVIEW_REQUIRED","","","Backend + Security"
"5.0.0","V16.5.1","2","Security Logging and Error Handling","Error Handling","PARTIAL_EVIDENCE","GlobalExceptionHandlerTest","","Backend + Security"
"5.0.0","V16.5.2","2","Security Logging and Error Handling","Error Handling","REVIEW_REQUIRED","","","Backend + Security"
"5.0.0","V16.5.3","2","Security Logging and Error Handling","Error Handling","REVIEW_REQUIRED","","","Backend + Security"
"5.0.0","V16.5.4","3","Security Logging and Error Handling","Error Handling","REVIEW_REQUIRED","","","Backend + Security"
"5.0.0","V17.1.1","2","WebRTC","TURN Server","NOT_APPLICABLE","","No GraphQL, WebSocket, or WebRTC implementation in current Java/Angular source","Backend + Security"
"5.0.0","V17.1.2","3","WebRTC","TURN Server","NOT_APPLICABLE","","No GraphQL, WebSocket, or WebRTC implementation in current Java/Angular source","Backend + Security"
"5.0.0","V17.2.1","2","WebRTC","Media","NOT_APPLICABLE","","No GraphQL, WebSocket, or WebRTC implementation in current Java/Angular source","Backend + Security"
"5.0.0","V17.2.2","2","WebRTC","Media","NOT_APPLICABLE","","No GraphQL, WebSocket, or WebRTC implementation in current Java/Angular source","Backend + Security"
"5.0.0","V17.2.3","2","WebRTC","Media","NOT_APPLICABLE","","No GraphQL, WebSocket, or WebRTC implementation in current Java/Angular source","Backend + Security"
"5.0.0","V17.2.4","2","WebRTC","Media","NOT_APPLICABLE","","No GraphQL, WebSocket, or WebRTC implementation in current Java/Angular source","Backend + Security"
"5.0.0","V17.2.5","3","WebRTC","Media","NOT_APPLICABLE","","No GraphQL, WebSocket, or WebRTC implementation in current Java/Angular source","Backend + Security"
"5.0.0","V17.2.6","3","WebRTC","Media","NOT_APPLICABLE","","No GraphQL, WebSocket, or WebRTC implementation in current Java/Angular source","Backend + Security"
"5.0.0","V17.2.7","3","WebRTC","Media","NOT_APPLICABLE","","No GraphQL, WebSocket, or WebRTC implementation in current Java/Angular source","Backend + Security"
"5.0.0","V17.2.8","3","WebRTC","Media","NOT_APPLICABLE","","No GraphQL, WebSocket, or WebRTC implementation in current Java/Angular source","Backend + Security"
"5.0.0","V17.3.1","2","WebRTC","Signaling","NOT_APPLICABLE","","No GraphQL, WebSocket, or WebRTC implementation in current Java/Angular source","Backend + Security"
"5.0.0","V17.3.2","2","WebRTC","Signaling","NOT_APPLICABLE","","No GraphQL, WebSocket, or WebRTC implementation in current Java/Angular source","Backend + Security"
