endpoint,gate,success_case,denial_case,error_case,case_result
GET /api/admin/access-diff,requireSystemAdmin,AccessDiffControllerIntegrationTest.java#onlySystemAdminCanReadTheReportEvenWhenAnOperatorHasContentManage admin 200 with numeric user total and rows array,AccessDiffControllerIntegrationTest.java#onlySystemAdminCanReadTheReportEvenWhenAnOperatorHasContentManage operator/manager/content admin 403 and anonymous 401,EndpointServiceFailureContractTest.java#accessDiffQueryFailureReturnsSafeResponse report failure sanitized 500 with correlation and no internal marker,ASSERTIONS_LINKED
GET /api/admin/articles/stale,requireContentManage,"ArticleControllerIntegrationTest.java#staleReportListsOnlyOldPublishedArticles stale published ID included, fresh/unpublished omitted 200",StatsControllerIntegrationTest.java#statsViewIsIndependentFromContentManageAcrossAllSixAggregates stats-view-only caller 403; ProtectedEndpointAnonymousMatrixIntegrationTest.java#protectedActionRejectsAnonymous anonymous protected route denied,EndpointServiceFailureContractTest.java#articleReadRouteFailuresDoNotExposeRepositoryDetails article repository exception sanitized 500 with correlation and no internal marker,ASSERTIONS_LINKED
GET /api/articles,requireAuthenticated,ArticleControllerIntegrationTest.java#listUsesDatabaseMaintainedReadTimeWithoutReturningContent list excludes content; ArticleControllerIntegrationTest.java#operatorSeesOnlyPublishedDeptMatchedNonDraftArticles published department match and draft exclusion,ArticleControllerIntegrationTest.java#noTokenIsUnauthorized anonymous 401; ArticleControllerIntegrationTest.java#operatorSeesOnlyPublishedDeptMatchedNonDraftArticles hidden draft excluded,ArticleControllerIntegrationTest.java#listRejectsInvalidOrUnboundedCardinality invalid or unbounded pagination 400; ArticleControllerIntegrationTest.java#listFailsLoudlyWhenBoundedParentsExpandPastTheTargetRelationLimit oversize relation fails,ASSERTIONS_LINKED
POST /api/articles,requireArticlesEditPermission,"ArticleControllerIntegrationTest.java#contentAdminCreatesAnArticleWithHistoryAndAuthorship created article ID, author, history and stored fields 200",ArticleControllerIntegrationTest.java#operatorCannotCreateAnArticle operator 403; article/audit counts unchanged,ArticleControllerIntegrationTest.java#createRejectsUnknownStatusBeforeWritingArticleHistoryOrAudit invalid status 400; article/history/audit counts unchanged,ASSERTIONS_LINKED
POST /api/articles/command,—,ArticleCommandControllerIntegrationTest.java#oneSuccessfulCommandCreatesTheArticleAndMandatoryAssignmentTogether 200 and mandatory assignment persisted with article,"ArticleCommandControllerIntegrationTest.java#createCommandRejectsRevokedEditPermissionWithoutWritingContentOrAssignment revoked edit 403, article and assignment counts unchanged",ArticleCommandControllerIntegrationTest.java#invalidQuizRollsBackTheArticleAndMandatoryAssignment invalid quiz 422 and article rollback,ASSERTIONS_LINKED
POST /api/articles/bulk-archive,requireArticlesArchivePermission,"ArticleControllerIntegrationTest.java#bulkArchiveUpdatesFoundArticlesAndSkipsTheRest updated/skipped IDs, persisted status and audit 200",ArticleControllerIntegrationTest.java#bulkArchiveRequiresArticlesArchivePermission operator 403 and article remains published,"ArticleControllerIntegrationTest.java#bulkArchiveRejectsMissingArchiveFlagWithoutChangingContentOrAudit missing archive flag 400, status/audit unchanged",ASSERTIONS_LINKED
POST /api/articles/bulk-status,requireArticlesArchivePermission,"ArticleBulkOperationsIntegrationTest.java#aBatchOfDraftsCanBePublishedInOneCall 200, three updated and persisted published_at",ArticleBulkOperationsIntegrationTest.java#anOperatorCannotChangeStatusInBulk operator 403 and original status remains draft,ArticleBulkOperationsIntegrationTest.java#anUnknownStatusIsRefused invalid status 400; ArticleBulkOperationsIntegrationTest.java#anOversizedBatchIsRefused oversized batch 400,ASSERTIONS_LINKED
POST /api/articles/bulk-retarget,requireArticlesEditPermission,"ArticleBulkOperationsIntegrationTest.java#aBatchCanBeMovedToAnotherCategoryAndAudienceAtOnce 200, category and audience persist for both IDs",ArticleBulkOperationsIntegrationTest.java#anOperatorCannotRetargetInBulk operator 403 and target audience unchanged,ArticleBulkOperationsIntegrationTest.java#anUnknownCategoryIsRefusedBeforeAnythingIsWritten unknown category 400 and original audience unchanged,ASSERTIONS_LINKED
DELETE /api/articles/{id},requireArticlesEditPermission,ArticleControllerIntegrationTest.java#movingAnArchivedArticleToTrashKeepsItsRecoverablePayload delete 204 with recoverable trash payload,ArticleControllerIntegrationTest.java#revokedArticlesEditPermissionBlocksMutatingEndpointsAndEditIncludesPublishing revoked edit 403 and original article/title/status/audit unchanged,ArticleControllerIntegrationTest.java#deletingAnUnknownArticleIs404WithoutCreatingTrashOrAudit missing ID 404 and no trash/audit mutation,ASSERTIONS_LINKED
GET /api/articles/{id},requireAuthenticated,FileEntitlementEnforcedIntegrationTest.java#draftPublicationAndArchiveChangeArticleAndDirectFileAccessTogether status 200 after publication,FileEntitlementEnforcedIntegrationTest.java#draftPublicationAndArchiveChangeArticleAndDirectFileAccessTogether and FileEntitlementEnforcedIntegrationTest.java#draftPublicationAndArchiveChangeArticleAndDirectFileAccessTogether status 404 for other admin's draft and outsider,FileEntitlementEnforcedIntegrationTest.java#missingDirectArticleAndFileUrlsStayOpaque missing direct ID returns 404,ASSERTIONS_LINKED
PUT /api/articles/{id},requireArticlesEditPermission,"ArticleControllerIntegrationTest.java#updateBumpsVersionArchivesOldContentAndLeavesAuthorAndVerifiedAtUntouched title/version update, old history and author retained 200",ArticleControllerIntegrationTest.java#revokedArticlesEditPermissionBlocksMutatingEndpointsAndEditIncludesPublishing revoked edit 403 and original title/status/audit unchanged,ArticleControllerIntegrationTest.java#updatingAMissingArticleIs404 missing article 404,ASSERTIONS_LINKED
PUT /api/articles/{id}/command,—,"ArticleCommandControllerIntegrationTest.java#updateCommandChangesTheArticleAndMandatoryAssignmentTogether 200, saved new title and mandatory assignment",ArticleCommandControllerIntegrationTest.java#updateCommandRejectsRevokedEditPermissionWithoutChangingTheArticle revoked edit 403; original title and assignment unchanged,ArticleCommandControllerIntegrationTest.java#invalidUpdateQuizRollsBackTheArticleAndMandatoryAssignment invalid quiz 422; article and assignment rollback,ASSERTIONS_LINKED
POST /api/articles/{id}/archive,requireArticlesArchivePermission,"ArticleControllerIntegrationTest.java#archivingWritesAnAuditRowAndIsIdempotent archived status, idempotence and before/after audit 200",ArticleControllerIntegrationTest.java#operatorCannotArchiveEvenThoughTheyCanView operator 403; article remains published and no ARCHIVE audit,FileEntitlementEnforcedIntegrationTest.java#missingDirectArticleAndFileUrlsStayOpaque missing direct ID returns 404,ASSERTIONS_LINKED
PATCH /api/articles/{id}/autosave,requireArticlesEditPermission,"ArticleControllerIntegrationTest.java#autosaveOnlyTouchesFieldsActuallySent changed title, untouched fields and audit 200",ArticleControllerIntegrationTest.java#revokedArticlesEditPermissionBlocksMutatingEndpointsAndEditIncludesPublishing revoked edit 403 and original title/status/audit unchanged,ArticleControllerIntegrationTest.java#autosaveRefusesToRewriteAPublishedArticle published rewrite 409; content and version unchanged,ASSERTIONS_LINKED
GET /api/articles/{id}/history,requireContentManage,ArticleControllerIntegrationTest.java#historyListsRevisionsOrderedByUpdatedAtDescWithAuthorNames revisions ordered by time with author names 200,ArticleControllerIntegrationTest.java#operatorCannotSeeAdminOnlyHistoryOrRestore operator 403; ArticleControllerIntegrationTest.java#privateDraftHistoryAndRestoreAreOpaqueToAnotherContentAdmin other-admin private draft 404,ArticleControllerIntegrationTest.java#legacyFullHistoryFailsBeforeOversizedClobHydrationWhileSummaryRemainsAvailable oversized full CLOB response 413 while summary remains 200,ASSERTIONS_LINKED
GET /api/articles/{id}/history-summary,requireContentManage,ArticleControllerIntegrationTest.java#historySummaryOmitsClobAndLoadsOneSelectedRevisionOnDemand summary omits CLOB and selected revision loads 200,ArticleControllerIntegrationTest.java#operatorCannotSeeAdminOnlyHistoryOrRestore operator 403; ArticleControllerIntegrationTest.java#privateDraftHistoryAndRestoreAreOpaqueToAnotherContentAdmin other-admin private draft 404,EndpointServiceFailureContractTest.java#articleReadRouteFailuresDoNotExposeRepositoryDetails article repository exception sanitized 500 with correlation and no internal marker,ASSERTIONS_LINKED
GET /api/articles/{id}/history/{historyId},requireContentManage,ArticleControllerIntegrationTest.java#historySummaryOmitsClobAndLoadsOneSelectedRevisionOnDemand selected history ID returns full content 200,ArticleControllerIntegrationTest.java#operatorCannotSeeAdminOnlyHistoryOrRestore operator 403; ArticleControllerIntegrationTest.java#privateDraftHistoryAndRestoreAreOpaqueToAnotherContentAdmin other-admin private draft 404,ArticleControllerIntegrationTest.java#historyIdsCannotCrossArticleBoundariesAndRejectedRestoreDoesNotMutate foreign history ID 404 with stable detail,ASSERTIONS_LINKED
GET /api/articles/{id}/history/{historyId}/diff,requireAuthenticated,ArticleControllerIntegrationTest.java#diffComparesToPredecessorWhenRequested+diffDefaultsToComparingAgainstCurrentContent version pair and HTML diff 200,ArticleControllerIntegrationTest.java#diffDeniesAnOutsiderBeforeReadingHistoricalContent anonymous 401 and outsider 404,ArticleControllerIntegrationTest.java#diffMissingHistorySnapshotIs404 missing history 404 with detail,ASSERTIONS_LINKED
POST /api/articles/{id}/history/{historyId}/restore,"requireArticlesEditPermission`, `requireContentManage",ArticleControllerIntegrationTest.java#restoreBringsBackOldContentAndBumpsVersion restored content/version and audit 200,ArticleControllerIntegrationTest.java#operatorCannotSeeAdminOnlyHistoryOrRestore operator 403; ArticleControllerIntegrationTest.java#privateDraftHistoryAndRestoreAreOpaqueToAnotherContentAdmin other-admin private draft 404 with article/history/audit unchanged,"ArticleControllerIntegrationTest.java#historyIdsCannotCrossArticleBoundariesAndRejectedRestoreDoesNotMutate foreign history 404, article/history/audit unchanged",ASSERTIONS_LINKED
GET /api/articles/{id}/note,"requireAuthenticated`, `requireVisibleArticle",ArticleControllerIntegrationTest.java#noteRoundTripsFromMissingToCreatedToUpdated literal JSON null then saved content 200; ArticleControllerIntegrationTest.java#notesOnTheSameArticleRemainIsolatedPerUser per-user isolation,ArticleControllerIntegrationTest.java#noteOnAnInvisibleArticleIs404 invisible article 404,ArticleControllerIntegrationTest.java#missingArticleAndInvalidNoteRequestDoNotWritePrivateOrAuditRows missing article 404 and no note/audit write,ASSERTIONS_LINKED
PUT /api/articles/{id}/note,"requireAuthenticated`, `requireVisibleArticle","ArticleControllerIntegrationTest.java#noteRoundTripsFromMissingToCreatedToUpdated create/update 200, one row and exact owner",ArticleControllerIntegrationTest.java#noteOnAnInvisibleArticleIs404 invisible article 404,"ArticleControllerIntegrationTest.java#missingArticleAndInvalidNoteRequestDoNotWritePrivateOrAuditRows missing article 404 and missing content 400, no note/audit write",ASSERTIONS_LINKED
POST /api/articles/{id}/read-receipt,"requireAuthenticated`, `requireQuizPassed",ArticleControllerIntegrationTest.java#readReceiptBridgesToRequiredReadingComplianceStatus 200 and compliance status/time bridged,ArticleControllerIntegrationTest.java#readReceiptRequiresPassingQuizFirst failed quiz 403 and receipt absent,ArticleControllerIntegrationTest.java#readReceiptComplianceBridgeFailsLoudlyAboveTheCompleteRelationLimit relation limit 413 and receipt absent,ASSERTIONS_LINKED
GET /api/articles/{id}/read-receipt/me,requireAuthenticated,ArticleControllerIntegrationTest.java#myReadReceiptStatusReflectsOnlyTheCallersReceipt 200 with caller-only receipt and version,ArticleControllerIntegrationTest.java#myReceiptStatusHidesInvisibleAndMissingArticles anonymous 401 and outsider 404,ArticleControllerIntegrationTest.java#myReceiptStatusHidesInvisibleAndMissingArticles missing article 404,ASSERTIONS_LINKED
GET /api/articles/{id}/read-receipts,requireReadEvidenceAccess,"ArticleControllerIntegrationTest.java#groupLeaderSeesNamedOfficialReadsOnlyForDirectTeamDespiteDepartmentAssignment 200 own team count/ID, sibling omitted",ArticleControllerIntegrationTest.java#unassignedCallerCannotReadNamedEvidenceAndContentAdminCannotReadViewLogs unassigned caller 403,ArticleControllerIntegrationTest.java#namedReadEvidenceForAnUnknownArticleReturns404 missing article 404 with detail,ASSERTIONS_LINKED
GET /api/articles/{id}/related,requireAuthenticated,ArticleControllerIntegrationTest.java#relatedArticlesReturnsEmptyListForAMissingSourceNotA404 missing source returns [] 200; ArticleControllerIntegrationTest.java#relatedArticlesDeptFilterIsExactMatchOnlyNotPrefixAware+relatedArticlesPrefersSameCategory category/department filtering,ProtectedEndpointAnonymousMatrixIntegrationTest.java#protectedActionRejectsAnonymous anonymous protected route denied,EndpointServiceFailureContractTest.java#articleReadRouteFailuresDoNotExposeRepositoryDetails article repository exception sanitized 500 with correlation and no internal marker,ASSERTIONS_LINKED
POST /api/articles/{id}/unarchive,requireArticlesArchivePermission,ArticleControllerIntegrationTest.java#archivingWritesAnAuditRowAndIsIdempotent published status and before/after audit 200,"ArticleControllerIntegrationTest.java#operatorCannotUnarchiveAndLeavesArticleAndAuditUntouched operator 403, archived state and no audit",ArticleControllerIntegrationTest.java#unarchivingANonArchivedArticleIsRejected nonarchived article 400 with detail,ASSERTIONS_LINKED
POST /api/articles/{id}/verify,requireContentManage,ArticleControllerIntegrationTest.java#verifyingAnArticleBumpsLastVerifiedAtAndAudits verification timestamp advances and before/after audit 200,ArticleControllerIntegrationTest.java#operatorCannotVerify operator 403; timestamp and audit unchanged,ArticleControllerIntegrationTest.java#missingArticleAndInvalidNoteRequestDoNotWritePrivateOrAuditRows missing article 404 and no audit write,ASSERTIONS_LINKED
GET /api/articles/{id}/versions,requireAuthenticated,ArticleControllerIntegrationTest.java#versionsListsAllRevisionsDescByVersionWithSelfHealing descending version IDs and missing current snapshot self-heals 200,ProtectedEndpointAnonymousMatrixIntegrationTest.java#protectedActionRejectsAnonymous anonymous protected route denied,ArticleControllerIntegrationTest.java#missingArticleAndInvalidNoteRequestDoNotWritePrivateOrAuditRows missing article 404,ASSERTIONS_LINKED
POST /api/articles/{id}/view,requireAuthenticated,ArticleControllerIntegrationTest.java#viewsReportsTotalAndUniqueCountsWithPagination repeated views counted; ArticleControllerIntegrationTest.java#recentlyViewedDedupesRepeatViewsAndRemainsIsolatedPerUser caller recent history 200,"ArticleControllerIntegrationTest.java#viewTrackingRejectsAnArticleTheCallerCannotSee invisible article 404, no view log",ArticleControllerIntegrationTest.java#missingArticleAndInvalidNoteRequestDoNotWritePrivateOrAuditRows missing article 404,ASSERTIONS_LINKED
GET /api/articles/{id}/views,requireSystemAdmin,"ArticleControllerIntegrationTest.java#viewsReportsTotalAndUniqueCountsWithPagination total/unique counts, paging and version filter 200",ArticleControllerIntegrationTest.java#unassignedCallerCannotReadNamedEvidenceAndContentAdminCannotReadViewLogs content admin 403; ProtectedEndpointAnonymousMatrixIntegrationTest.java#protectedActionRejectsAnonymous anonymous denied,ArticleControllerIntegrationTest.java#missingArticleAndInvalidNoteRequestDoNotWritePrivateOrAuditRows missing article 404,ASSERTIONS_LINKED
GET /api/me/recently-viewed,requireAuthenticated,ArticleControllerIntegrationTest.java#recentlyViewedDedupesRepeatViewsAndRemainsIsolatedPerUser repeated views deduped and other caller excluded 200,ProtectedEndpointAnonymousMatrixIntegrationTest.java#protectedActionRejectsAnonymous anonymous denied; ArticleControllerIntegrationTest.java#recentlyViewedDedupesRepeatViewsAndRemainsIsolatedPerUser caller isolation,EndpointServiceFailureContractTest.java#articleReadRouteFailuresDoNotExposeRepositoryDetails article repository exception sanitized 500 with correlation and no internal marker,ASSERTIONS_LINKED
GET /api/audit-logs,requireSystemAdmin,AuditLogControllerIntegrationTest.java#listResolvesItemNameFromTheJoinedArticleAndReportsTotalCountHeader admin 200 with X-Total-Count and article name,AuditLogControllerIntegrationTest.java#noTokenAtAllIsUnauthorized anonymous 401; AuditLogControllerIntegrationTest.java#managerIsScopedToTheirExactDepartmentNotThePrefix out-of-scope manager rows excluded,AuditLogControllerIntegrationTest.java#malformedAuditUserFilterIsRejectedBeforeQuery malformed user_id 400 before query,ASSERTIONS_LINKED
GET /api/audit-logs/chain-health,requireSystemAdmin,AuditLogControllerIntegrationTest.java#systemAdminCanReadChainHealth admin 200 with chain status ok,AuditLogControllerIntegrationTest.java#managerIsForbiddenFromChainHealth manager 403; AuditLogControllerIntegrationTest.java#noTokenAtAllIsUnauthorized anonymous 401,AuditLogControllerIntegrationTest.java#malformedChainWindowIsRejectedBeforeAuditQuery malformed n 400 with stable detail,ASSERTIONS_LINKED
GET /api/audit-logs/chain-health/full,requireSystemAdmin,AuditLogControllerIntegrationTest.java#theWholeLedgerCheckFindsAnOldEditThatTheRecentWindowMisses admin 200; an old edited row is named and the ledger is clean once restored,AuditLogControllerIntegrationTest.java#theWholeLedgerCheckIsForTheSystemAdministratorOnly manager 403,AuditLogControllerIntegrationTest.java#aMalformedWholeLedgerCursorIsRejectedBeforeAnyQuery malformed after_id 400 with stable detail,ASSERTIONS_LINKED
GET /api/audit-logs/export,requireSystemAdmin,"AuditLogControllerIntegrationTest.java#exportStreamsFormulaInjectionSanitizedCsvForSystemAdmin admin 200, CSV header, formula neutralized, one export meta audit",AuditLogControllerIntegrationTest.java#exportIsForbiddenForAManagerEvenWithThePermission manager 403,"AuditLogControllerIntegrationTest.java#malformedExportUserFilterReturns400WithoutCsvOrMetaAudit malformed user_id 400, no CSV header or meta audit",ASSERTIONS_LINKED
GET /api/audit-logs/{id}/verify,requireSystemAdmin,AuditLogControllerIntegrationTest.java#systemAdminCanVerifyTheAuditRowTheirOwnLoginJustCreated admin 200 with hash_match and chain_match true,SystemAdminPiiSurfaceIntegrationTest.java#everyNonAdminRoleIsForbiddenFromSystemAdminPiiSurfaces all three nonadmin roles 403 on verify route,AuditLogControllerIntegrationTest.java#verifyingMissingAuditIdIs404AndCannotExposeOtherRows missing audit ID 404 with stable detail,ASSERTIONS_LINKED
POST /api/auth/login,—,CorporateLoginIntegrationTest.java#aRoleWithdrawnInTheDirectoryRefusesEntryAndRevokesOldToken status isOk for mapped directory role,CorporateLoginIntegrationTest.java#aRoleWithdrawnInTheDirectoryRefusesEntryAndRevokesOldToken unmapped role isUnauthorized and old token revoked at CorporateLoginIntegrationTest.java#aRoleWithdrawnInTheDirectoryRefusesEntryAndRevokesOldToken,CorporateLoginIntegrationTest.java#anUnreachableDirectoryIs503AndWritesNoFailedLogin directory outage isServiceUnavailable,ASSERTIONS_LINKED
POST /api/auth/logout,requireAuthenticated,AuthControllerIntegrationTest.java#logoutClearsTheCookie clears cookie 200; AuthControllerIntegrationTest.java#aBearerTokenStopsWorkingAfterTheUserLogsOut increments token version and audits,AuthControllerIntegrationTest.java#logoutWithoutATokenIsRefused anonymous 401,AuthControllerIntegrationTest.java#aBearerTokenStopsWorkingAfterTheUserLogsOut old bearer token is 401 after logout; AuthControllerIntegrationTest.java#loggingInAgainAfterLogoutIssuesAWorkingToken new token works,ASSERTIONS_LINKED
POST /api/auth/sso/start,—,N/A: no success route exists until corporate redirect is implemented; AuthControllerIntegrationTest.java#ssoStartFailsClosedUntilCorporateRedirectIsImplemented fixes the current 503 contract,N/A: intentionally anonymous placeholder; unauthenticated request in AuthControllerIntegrationTest.java#ssoStartFailsClosedUntilCorporateRedirectIsImplemented gets the same 503,AuthControllerIntegrationTest.java#ssoStartFailsClosedUntilCorporateRedirectIsImplemented status 503 with Georgian fail-closed detail,ASSERTIONS_LINKED
POST /api/auth/session/heartbeat,requireAuthenticated,AuthControllerIntegrationTest.java#heartbeatRequiresAuthenticationAndTouchesOnlyTheCallersSession authenticated 204 advances only caller session lastSeenAt,AuthControllerIntegrationTest.java#heartbeatRequiresAuthenticationAndTouchesOnlyTheCallersSession anonymous 401 with credential detail,"N/A: PortalSessionController.java#heartbeat has no payload, parameter, or service call after authentication; invalid/expired authentication follows the 401 denial path",ASSERTIONS_LINKED
GET /api/auth/sessions,requireAuthenticated,AuthControllerIntegrationTest.java#revokingTheCurrentSessionIsAuditedAndInvalidatesThatToken one current session listed; AuthControllerIntegrationTest.java#foreignSessionIdIsOpaqueAndCannotBeRevoked foreign ID absent,ProtectedEndpointAnonymousMatrixIntegrationTest.java#protectedActionRejectsAnonymous anonymous protected route denied; AuthControllerIntegrationTest.java#foreignSessionIdIsOpaqueAndCannotBeRevoked foreign session not disclosed,EndpointServiceFailureContractTest.java#sessionListAndRevokeFailuresHaveSafeResponses session list failure sanitized 500 with correlation and no internal marker,ASSERTIONS_LINKED
DELETE /api/auth/sessions/{sessionId},requireAuthenticated,"AuthControllerIntegrationTest.java#revokingTheCurrentSessionIsAuditedAndInvalidatesThatToken own session revoked 204, token invalidated and before/after audit","AuthControllerIntegrationTest.java#foreignSessionIdIsOpaqueAndCannotBeRevoked foreign revoke is opaque no-op 204, owner token active and no success audit",EndpointServiceFailureContractTest.java#sessionListAndRevokeFailuresHaveSafeResponses session revoke failure sanitized 500 with correlation and no internal marker,ASSERTIONS_LINKED
GET /api/categories,requireAuthenticated,CategoryControllerIntegrationTest.java#anyAuthenticatedUserSeesOnlyActiveCategories 200 with active category and inactive excluded,CategoryControllerIntegrationTest.java#noTokenIsUnauthorized anonymous 401,EndpointServiceFailureContractTest.java#categoryListQueryFailureHasSanitizedResponse repository exception sanitized 500 with correlation and no internal marker,ASSERTIONS_LINKED
POST /api/categories,requireContentManage,"CategoryControllerIntegrationTest.java#contentAdminCrudLifecycle 200, created category ID and active state; CategoryControllerIntegrationTest.java#contentAdminCrudLifecycle CREATE audit snapshot",CategoryControllerIntegrationTest.java#operatorCannotCreateACategory operator 403 and category count unchanged,CategoryControllerIntegrationTest.java#aDuplicateActiveCategoryNameIsRejected duplicate 409 and category count unchanged,ASSERTIONS_LINKED
DELETE /api/categories/{id},requireContentManage,"CategoryControllerIntegrationTest.java#contentAdminCrudLifecycle 204, removed from active list and DELETE audit","CategoryControllerIntegrationTest.java#operatorCannotUpdateOrDeleteCategoryAndOriginalRowRemainsActive operator 403, category active and audit count unchanged",CategoryControllerIntegrationTest.java#deletingAUsedCategoryIsBlockedUntilContentIsMoved used category 409 and active row unchanged,ASSERTIONS_LINKED
PUT /api/categories/{id},requireContentManage,CategoryControllerIntegrationTest.java#contentAdminCrudLifecycle 200 with updated name/icon and UPDATE audit,"CategoryControllerIntegrationTest.java#operatorCannotUpdateOrDeleteCategoryAndOriginalRowRemainsActive operator 403, name/active state and audit count unchanged",CategoryControllerIntegrationTest.java#updatingAndDeletingAMissingCategoryIs404 missing category 404 with stable detail,ASSERTIONS_LINKED
POST /api/compliance/mark-read/{readingId},requireAuthenticated,ReadingAcknowledgementConcurrencyIntegrationTest.java#simultaneousArticleAndMandatoryAcknowledgementCreateOneReceiptAndStatus both calls status 200; ReadingAcknowledgementConcurrencyIntegrationTest.java#simultaneousArticleAndMandatoryAcknowledgementCreateOneReceiptAndStatus one receipt,ComplianceControllerIntegrationTest.java#markReadRejectsCrossDepartmentReading cross-department 403; no read status or article receipt,ReadingAcknowledgementRollbackIntegrationTest.java#auditFailureRollsBackReadStatusAndArticleReceipt status 500; ReadingAcknowledgementRollbackIntegrationTest.java#auditFailureRollsBackReadStatusAndArticleReceipt no persisted acknowledgement,ASSERTIONS_LINKED
GET /api/compliance/my-progress,requireAuthenticated,"ComplianceControllerIntegrationTest.java#myProgressComputesOnlyTheCallersPercentage 200, exact 2/1/1/50 percent and second user 2/0/2/0",ProtectedEndpointAnonymousMatrixIntegrationTest.java#protectedActionRejectsAnonymous anonymous GET 401,EndpointServiceFailureContractTest.java#personalSearchAndQuizScoreQueryFailuresAreSanitized query failure sanitized 500 with correlation ID,ASSERTIONS_LINKED
GET /api/compliance/my-readings,requireAuthenticated,ComplianceControllerIntegrationTest.java#myReadingsShowsOverdueAndReadStatuses 200 overdue/read status and own reading scope,ComplianceControllerIntegrationTest.java#noTokenIsUnauthorized anonymous 401,EndpointServiceFailureContractTest.java#personalSearchAndQuizScoreQueryFailuresAreSanitized repository failure sanitized 500 with correlation ID,ASSERTIONS_LINKED
POST /api/compliance/required-readings,requireComplianceAssign,"ComplianceControllerIntegrationTest.java#adminRequiredReadingCrudLifecycleAndByItem 200, item type/priority/ID; ComplianceControllerIntegrationTest.java#adminRequiredReadingCrudLifecycleAndByItem CREATE audit",ComplianceControllerIntegrationTest.java#operatorCannotCreateRequiredReading operator 403 and reading count unchanged,"ComplianceControllerIntegrationTest.java#missingDueDateCannotCreateRequiredReadingOrAudit missing due date 400, reading and audit counts unchanged",ASSERTIONS_LINKED
GET /api/compliance/required-readings/by-item/{itemType}/{itemId},requireComplianceAssign,ComplianceControllerIntegrationTest.java#missingDueDateCannotCreateRequiredReadingOrAudit status 200 with matching reading ID,ComplianceControllerIntegrationTest.java#aContentAdminWithoutComplianceAssignCannotCreateChangeOrDeleteObligations revoked assign 403; obligations and audit unchanged,ComplianceControllerIntegrationTest.java#adminRequiredReadingCrudLifecycleAndByItem malformed item ID gives 400 detail,ASSERTIONS_LINKED
GET /api/compliance/required-readings/by-item/{itemType}/{itemId}/addressees,requireComplianceAssign,"MandatoryReachIntegrationTest.java#addresseesCountForEditorsAndNameOnlyForTheSystemAdmin 200 with in-force and department counts; names for the system admin, none for a content admin",MandatoryReachIntegrationTest.java#addresseesAreRefusedToOperators operator 403,MandatoryReachIntegrationTest.java#addresseesAnswer400ForANonNumericId malformed item ID gives 400,ASSERTIONS_LINKED
DELETE /api/compliance/required-readings/{readingId},requireComplianceAssign,"ComplianceControllerIntegrationTest.java#adminRequiredReadingCrudLifecycleAndByItem 204, later lookup null, DELETE audit present",ComplianceControllerIntegrationTest.java#aContentAdminWithoutComplianceAssignCannotCreateChangeOrDeleteObligations revoked assign 403; reading/due date and audit unchanged,ComplianceControllerIntegrationTest.java#markReadOnATrashedReadingIs404WithoutDeletingTheAssignment linked read gives 409 and reading/evidence retained without delete audit,ASSERTIONS_LINKED
PUT /api/compliance/required-readings/{readingId},requireComplianceAssign,ComplianceControllerIntegrationTest.java#adminRequiredReadingCrudLifecycleAndByItem 200 with changed target department and UPDATE audit,ComplianceControllerIntegrationTest.java#aContentAdminWithoutComplianceAssignCannotCreateChangeOrDeleteObligations revoked assign 403; reading/due date and audit unchanged,ComplianceControllerIntegrationTest.java#aRequiredReadingCannotBeRepointedAtADifferentItem repoint 409; original item and read status unchanged,ASSERTIONS_LINKED
POST /api/admin/exports/article-views,requireSystemAdmin,"AdminExportRouteContractTest.java#adminQueuesOnlyTheRequestedFamily 202, matching family job, track and XLSX build asserted","AdminExportRouteContractTest.java#managerCannotQueueAnyFamily manager 403, no query/job/worker interaction","AdminExportRouteContractTest.java#oversizedDatasetDoesNotQueueAJob+reversedDatesDoNotQueueAJob reversed dates 400 or oversized result 413, no job/worker interaction",ASSERTIONS_LINKED
POST /api/admin/exports/audit-ledger,requireSystemAdmin,"AdminExportRouteContractTest.java#adminQueuesOnlyTheRequestedFamily 202, matching family job, track and XLSX build asserted","AdminExportRouteContractTest.java#managerCannotQueueAnyFamily manager 403, no query/job/worker interaction","AdminExportRouteContractTest.java#oversizedDatasetDoesNotQueueAJob+reversedDatesDoNotQueueAJob reversed dates 400 or oversized result 413, no job/worker interaction",ASSERTIONS_LINKED
POST /api/admin/exports/change-events,requireSystemAdmin,"AdminExportRouteContractTest.java#adminQueuesOnlyTheRequestedFamily 202, matching family job, track and XLSX build asserted","AdminExportRouteContractTest.java#managerCannotQueueAnyFamily manager 403, no query/job/worker interaction","AdminExportRouteContractTest.java#oversizedDatasetDoesNotQueueAJob+reversedDatesDoNotQueueAJob reversed dates 400 or oversized result 413, no job/worker interaction",ASSERTIONS_LINKED
POST /api/admin/exports/quiz-attempts,requireSystemAdmin,"AdminExportRouteContractTest.java#adminQueuesOnlyTheRequestedFamily 202, matching family job, track and XLSX build asserted","AdminExportRouteContractTest.java#managerCannotQueueAnyFamily manager 403, no query/job/worker interaction","AdminExportRouteContractTest.java#oversizedDatasetDoesNotQueueAJob+reversedDatesDoNotQueueAJob reversed dates 400 or oversized result 413, no job/worker interaction",ASSERTIONS_LINKED
POST /api/admin/exports/read-evidence,requireSystemAdmin,"AdminExportRouteContractTest.java#adminQueuesOnlyTheRequestedFamily 202, matching family job, track and XLSX build asserted","AdminExportRouteContractTest.java#managerCannotQueueAnyFamily manager 403, no query/job/worker interaction","AdminExportRouteContractTest.java#oversizedDatasetDoesNotQueueAJob+reversedDatesDoNotQueueAJob reversed dates 400 or oversized result 413, no job/worker interaction",ASSERTIONS_LINKED
POST /api/admin/exports/search-history,requireSystemAdmin,"AdminExportRouteContractTest.java#adminQueuesOnlyTheRequestedFamily 202, matching family job, track and XLSX build asserted","AdminExportRouteContractTest.java#managerCannotQueueAnyFamily manager 403, no query/job/worker interaction","AdminExportRouteContractTest.java#oversizedDatasetDoesNotQueueAJob+reversedDatesDoNotQueueAJob reversed dates 400 or oversized result 413, no job/worker interaction",ASSERTIONS_LINKED
GET /api/export/download/{jobId},requireReportsExport,ExportControllerIntegrationTest.java#exportJobStatusAndDownloadRemainOpaqueAndOwnerBoundBetweenManagers owner status isOk with attachment header,ExportControllerIntegrationTest.java#exportJobStatusAndDownloadRemainOpaqueAndOwnerBoundBetweenManagers other manager status isGone,ExportControllerDownloadTest.java#aFailedJobSaysFailedInsteadOfNotReadyYet failed job isConflict; ExportControllerDownloadTest.java#anExpiredJobIsGoneEvenIfItsRowSurvivedTheSweep expired isGone,ASSERTIONS_LINKED
GET /api/export/readings,requireReportsExport,ExportControllerIntegrationTest.java#managerReadingsExportIsPinnedToTheirOwnDepartment status 200 with own operator ID and no foreign operator ID,ExportControllerIntegrationTest.java#aGrantedExportPermissionWithoutLeadershipIsRefusedAndUnaudited status 403 without leadership and zero export audit rows,EndpointServiceFailureContractTest.java#readingsCsvQueryFailureHasSafeResponseAndNoExportAudit query failure sanitized 500 with correlation; no file header or success audit,ASSERTIONS_LINKED
GET /api/export/readings.pdf,requireReportsExport,ExportControllerIntegrationTest.java#pdfExportRequiresReportsExportPermissionAndRendersGeorgianText status 200 job and downloaded PDF with Georgian text and eligible operator,ExportControllerIntegrationTest.java#pdfExportRequiresReportsExportPermissionAndRendersGeorgianText operator 403 plus ExportControllerScopeGateTest.java#aRefusedExportWritesNoAuditRow no job or audit,EndpointServiceFailureContractTest.java#readingsCsvQueryFailureHasSafeResponseAndNoExportAudit oversized query gives 413 with no job or audit,ASSERTIONS_LINKED
GET /api/export/readings.xlsx,requireReportsExport,ExportControllerIntegrationTest.java#xlsxExportDownloadsTwiceAndKeepsItsJobRow status 200 job and XLSX sheet with eligible row,ExportControllerScopeGateTest.java#aGrantWithoutLeadershipIsRefusedOnEveryEmployeeDataExport and ExportControllerScopeGateTest.java#aRefusedExportWritesNoAuditRow unauthorized holder 403 with no job or audit,EndpointServiceFailureContractTest.java#readingsCsvQueryFailureHasSafeResponseAndNoExportAudit oversized query gives 413 with no job or audit,ASSERTIONS_LINKED
GET /api/export/status/{jobId},requireReportsExport,ExportControllerIntegrationTest.java#exportJobStatusAndDownloadRemainOpaqueAndOwnerBoundBetweenManagers owner status 200 with completed job,ExportControllerIntegrationTest.java#exportJobStatusAndDownloadRemainOpaqueAndOwnerBoundBetweenManagers other manager status 404,ExportControllerIntegrationTest.java#unknownJobIsNotFoundOnStatusAndGoneOnDownload unknown job status 404 with Georgian detail,ASSERTIONS_LINKED
GET /api/export/team-stats.pdf,requireReportsExport,ExportControllerIntegrationTest.java#teamStatsPdfAggregatesByDepartmentAndIsDownloadable and ExportControllerIntegrationTest.java#managerTeamStatsPdfCoversOnlyTheirOwnDepartment status 200 PDF with own department and no foreign totals,ExportControllerScopeGateTest.java#aGrantWithoutLeadershipIsRefusedOnEveryEmployeeDataExport and ExportControllerScopeGateTest.java#aRefusedExportWritesNoAuditRow unauthorized holder 403 with no job or audit,EndpointServiceFailureContractTest.java#managerDashboardServiceFailureHasSafeResponseAndScopedQuery query failure gives sanitized 500 with correlation ID and no job or audit,ASSERTIONS_LINKED
GET /api/favorites,requireAuthenticated,FavoriteControllerIntegrationTest.java#bookmarkCollectionAndMutationAreIsolatedPerCaller 200 and each user sees only own favorite ID,FavoriteControllerIntegrationTest.java#noTokenIsUnauthorized anonymous 401,"EndpointServiceFailureContractTest.java#leadershipOptionsFailureDoesNotExposeDirectoryException query failure 500 with correlation ID, no marker or title resolution",ASSERTIONS_LINKED
POST /api/favorites,requireAuthenticated,FavoriteControllerIntegrationTest.java#bookmarkCollectionAndMutationAreIsolatedPerCaller 200 and separate favorite IDs per user; FavoriteControllerIntegrationTest.java#bookmarkingTheSameItemTwiceIsIdempotent duplicate is idempotent,FavoriteControllerIntegrationTest.java#anonymousBookmarkRequestCannotCreateAFavorite anonymous with valid CSRF 401; favorite count unchanged,FavoriteControllerIntegrationTest.java#removingAMissingFavoriteIs404 blank item type 400 and favorite count unchanged,ASSERTIONS_LINKED
DELETE /api/favorites/{id},requireAuthenticated,FavoriteControllerIntegrationTest.java#bookmarkCollectionAndMutationAreIsolatedPerCaller 204 and only caller favorite removed,FavoriteControllerIntegrationTest.java#favoriteWithADeletedUnderlyingItemFallsBackToAPlaceholderTitle foreign favorite 404 and row remains,FavoriteControllerIntegrationTest.java#aUserCannotRemoveAnotherUsersFavorite missing favorite 404 with stable detail,ASSERTIONS_LINKED
GET /api/health,—,HealthControllerTest.java#healthyDatabaseReturnsOkWithoutInternalDetails healthy DB status isOk,N/A: operational health endpoint is intentionally public; no role gate,HealthControllerTest.java#databaseFailureReturns503AndDoesNotLeakJdbcError DB failure returns 503 without JDBC detail,ASSERTIONS_LINKED
GET /api/broadcasts,requireAuthenticated,BroadcastControllerIntegrationTest.java#activeListRequiresAuthenticationButEveryAuthenticatedEmployeeCanReadIt 200 active message/status visible to operator,BroadcastControllerIntegrationTest.java#activeListRequiresAuthenticationButEveryAuthenticatedEmployeeCanReadIt anonymous 401,EndpointServiceFailureContractTest.java#leadershipOptionsFailureDoesNotExposeDirectoryException query failure 500 with correlation ID and no private marker,ASSERTIONS_LINKED
POST /api/broadcasts,requireAnnouncementPublisher,BroadcastControllerIntegrationTest.java#publishCreatesOneBroadcastNoRecipientMessagesAndACompleteAuditSnapshot 201 with trimmed message and complete audit snapshot,BroadcastControllerIntegrationTest.java#plainOperatorAndRoleOnlyManagerCannotPublishOrReadHistory operator/manager 403 and announcement count unchanged,BroadcastControllerIntegrationTest.java#requestRequiresTextPriorityAndAFutureEndAndHasNoTargetingContract invalid text/end/target 400,ASSERTIONS_LINKED
GET /api/broadcasts/history,requireAnnouncementPublisher,BroadcastControllerIntegrationTest.java#expiredAndEarlyEndedRowsDisappearFromActiveButRemainInHistory 200 includes ended and expired announcements,BroadcastControllerIntegrationTest.java#plainOperatorAndRoleOnlyManagerCannotPublishOrReadHistory operator/manager 403,BroadcastControllerIntegrationTest.java#historyPaginationIsBounded invalid page/size 400,ASSERTIONS_LINKED
POST /api/broadcasts/{broadcastId}/end,requireAnnouncementPublisher,BroadcastControllerIntegrationTest.java#onlyPublisherOrSystemAdminCanEndEarlyAndLockAdvancesExactlyOnce admin 200 and lock version advances exactly once,BroadcastControllerIntegrationTest.java#onlyPublisherOrSystemAdminCanEndEarlyAndLockAdvancesExactlyOnce different publisher 403 before successful end,BroadcastControllerIntegrationTest.java#onlyPublisherOrSystemAdminCanEndEarlyAndLockAdvancesExactlyOnce repeated end 409,ASSERTIONS_LINKED
GET /api/reminders,requireAuthenticated,ReminderControllerIntegrationTest.java#inboxAndReadStateAreIsolatedPerCallerAndReadIsIdempotent 200 and caller-specific reminder IDs/counts,ReminderControllerIntegrationTest.java#inboxAndReadStateAreIsolatedPerCallerAndReadIsIdempotent anonymous 401,ReminderControllerIntegrationTest.java#inboxAndReadStateAreIsolatedPerCallerAndReadIsIdempotent invalid page 400,ASSERTIONS_LINKED
POST /api/reminders/{reminderId}/read,requireAuthenticated,"ReminderControllerIntegrationTest.java#inboxAndReadStateAreIsolatedPerCallerAndReadIsIdempotent 200, version 1, idempotent single audit",ReminderControllerIntegrationTest.java#inboxAndReadStateAreIsolatedPerCallerAndReadIsIdempotent foreign reminder 404; ReminderControllerIntegrationTest.java#inboxAndReadStateAreIsolatedPerCallerAndReadIsIdempotent other row read_at remains null,ReminderControllerIntegrationTest.java#missingReminderReadReturns404WithoutAnAuditEvent missing ID 404 and audit count unchanged,ASSERTIONS_LINKED
POST /api/reminders/users/{userId}/send,requireAuthenticated,"ReminderControllerIntegrationTest.java#primaryAndActingLeadersCanSendOnlyFixedScopedReminderWithCooldown 201 fixed message, target audit and pending count",ReminderControllerIntegrationTest.java#primaryAndActingLeadersCanSendOnlyFixedScopedReminderWithCooldown foreign leader 403 and reminder count unchanged,ReminderControllerIntegrationTest.java#primaryAndActingLeadersCanSendOnlyFixedScopedReminderWithCooldown cooldown 429 with retry_at; ReminderControllerIntegrationTest.java#manualReminderRejectsEmployeeWithNothingPending no pending 409,ASSERTIONS_LINKED
GET /api/content-trash,requireContentManage,ContentTrashControllerIntegrationTest.java#contentManagersCanListAndRestoreButOnlySystemAdminsCanPurge 200 lists recoverable article title/ID,ContentTrashControllerIntegrationTest.java#contentManagersCanListAndRestoreButOnlySystemAdminsCanPurge anonymous 401 and operator 403,EndpointServiceFailureContractTest.java#articleReadRouteFailuresDoNotExposeRepositoryDetails list failure sanitized 500 with correlation ID,ASSERTIONS_LINKED
POST /api/content-trash/{itemType}/{itemId}/restore,requireContentManage,"ContentTrashControllerIntegrationTest.java#contentManagersCanListAndRestoreButOnlySystemAdminsCanPurge 200, article visible and absent from trash after restore",ContentTrashControllerIntegrationTest.java#contentManagersCanListAndRestoreButOnlySystemAdminsCanPurge operator 403 and item still in trash,"ContentTrashControllerIntegrationTest.java#namedAuthoritySetsAndReleasesHoldWhileRestoreAndPurgeFailClosed legal hold 423; ContentTrashControllerIntegrationTest.java#invalidItemTypesAreRejectedBeforeAnyTrashMutation invalid item type 400, audit/state unchanged",ASSERTIONS_LINKED
DELETE /api/content-trash/{itemType}/{itemId},requireSystemAdmin,"ContentTrashControllerIntegrationTest.java#namedAuthoritySetsAndReleasesHoldWhileRestoreAndPurgeFailClosed 200, absent from trash and physical Oracle row count zero",ContentTrashControllerIntegrationTest.java#contentManagersCanListAndRestoreButOnlySystemAdminsCanPurge content manager 403 and item still in trash,ContentTrashControllerIntegrationTest.java#contentManagersCanListAndRestoreButOnlySystemAdminsCanPurge not due 409; ContentTrashControllerIntegrationTest.java#namedAuthoritySetsAndReleasesHoldWhileRestoreAndPurgeFailClosed legal hold 423; ContentTrashControllerIntegrationTest.java#invalidItemTypesAreRejectedBeforeAnyTrashMutation invalid type 400,ASSERTIONS_LINKED
POST /api/content-trash/{itemType}/{itemId}/legal-hold,requireLegalHoldAuthority,"ContentTrashControllerIntegrationTest.java#namedAuthoritySetsAndReleasesHoldWhileRestoreAndPurgeFailClosed 200, held item and SET_LEGAL_HOLD before/after audit",ContentTrashControllerIntegrationTest.java#namedAuthoritySetsAndReleasesHoldWhileRestoreAndPurgeFailClosed unlisted admin 403 and hold remains false,"ContentTrashControllerIntegrationTest.java#invalidItemTypesAreRejectedBeforeAnyTrashMutation invalid type 400, no audit or hold change",ASSERTIONS_LINKED
DELETE /api/content-trash/{itemType}/{itemId}/legal-hold,requireLegalHoldAuthority,"ContentTrashControllerIntegrationTest.java#namedAuthoritySetsAndReleasesHoldWhileRestoreAndPurgeFailClosed 200, hold cleared and RELEASE_LEGAL_HOLD before/after audit",ContentTrashControllerIntegrationTest.java#namedAuthoritySetsAndReleasesHoldWhileRestoreAndPurgeFailClosed unlisted admin 403 and hold remains true,"ContentTrashControllerIntegrationTest.java#invalidItemTypesAreRejectedBeforeAnyTrashMutation invalid type 400, no audit or hold change",ASSERTIONS_LINKED
GET /api/news,requireAuthenticated,NewsControllerIntegrationTest.java#nonAdminSeesOnlyPublishedNewsInOwnDepartmentGroupOrAll 200 list includes parent-group news and excludes foreign scope,NewsControllerIntegrationTest.java#noTokenIsUnauthorized anonymous 401,NewsControllerIntegrationTest.java#listRejectsInvalidOrUnboundedCardinality invalid/unbounded skip-limit 400; capped query 200,ASSERTIONS_LINKED
POST /api/news,requireContentManage,NewsControllerIntegrationTest.java#contentAdminCrudLifecycle 200 with saved ID; NewsControllerIntegrationTest.java#creatingNewsWithoutIsDraftDefaultsToPublished omitted is_draft creates published item visible to operator,"NewsControllerIntegrationTest.java#operatorCannotMutateNewsOrReadItsHistory operator 403, news and audit unchanged","NewsControllerIntegrationTest.java#malformedCreateAndUnknownNewsMutationsDoNotChangeContent blank title 400, content and audit counts unchanged",ASSERTIONS_LINKED
POST /api/news/command,—,NewsVideoCommandIntegrationTest.java#createAndUpdateSaveContentWithOneMandatoryAssignment 200 with content ID and required reading ID for news,NewsVideoCommandIntegrationTest.java#operatorCannotCreateACommandOrItsMandatoryAssignment operator 403; content and reading counts unchanged for news,NewsVideoCommandIntegrationTest.java#missingDueDateRollsBackBothCreateAndUpdate missing due date 422; create transaction rolled back for news,ASSERTIONS_LINKED
DELETE /api/news/{id},requireContentManage,NewsControllerIntegrationTest.java#contentAdminCrudLifecycle 204 and direct GET 404 after trash,"NewsControllerIntegrationTest.java#operatorCannotMutateNewsOrReadItsHistory operator 403, row and audit unchanged",NewsControllerIntegrationTest.java#updatingAndDeletingMissingNewsIs404 missing ID 404 with stable detail,ASSERTIONS_LINKED
GET /api/news/{id},requireAuthenticated,NewsControllerIntegrationTest.java#contentAdminCrudLifecycle 200 matching ID and title; NewsControllerIntegrationTest.java#draftNewsIsInvisibleToNonAuthorsEvenAdmin author reads own draft,NewsControllerIntegrationTest.java#nonAdminSeesOnlyPublishedNewsInOwnDepartmentGroupOrAll foreign department 404; NewsControllerIntegrationTest.java#draftNewsIsInvisibleToNonAuthorsEvenAdmin other admin draft 404,NewsControllerIntegrationTest.java#contentAdminCrudLifecycle trashed direct ID 404,ASSERTIONS_LINKED
PUT /api/news/{id},requireContentManage,"NewsControllerIntegrationTest.java#contentAdminCrudLifecycle 200, updated title/content and version/history audit","NewsControllerIntegrationTest.java#operatorCannotMutateNewsOrReadItsHistory operator 403, original row and audit unchanged",NewsControllerIntegrationTest.java#updatingAndDeletingMissingNewsIs404 missing ID 404 with stable detail,ASSERTIONS_LINKED
PUT /api/news/{id}/command,—,NewsVideoCommandIntegrationTest.java#createAndUpdateSaveContentWithOneMandatoryAssignment 200 updated title and same required reading ID for news,NewsVideoCommandIntegrationTest.java#operatorCannotUpdateACommandOrItsMandatoryAssignment operator 403; original title and reading count unchanged for news,NewsVideoCommandIntegrationTest.java#missingDueDateRollsBackBothCreateAndUpdate missing due date 422; prior title and reading count unchanged for news,ASSERTIONS_LINKED
POST /api/news/{id}/archive,requireContentManage,NewsControllerIntegrationTest.java#archiveAndUnarchiveWriteReconstructableAuditEvidence 200 with archived state and before/after audit,"NewsControllerIntegrationTest.java#operatorCannotMutateNewsOrReadItsHistory operator 403, original row and audit unchanged",NewsControllerIntegrationTest.java#malformedCreateAndUnknownNewsMutationsDoNotChangeContent unknown ID 404 and content/audit unchanged,ASSERTIONS_LINKED
PATCH /api/news/{id}/autosave,requireContentManage,NewsControllerIntegrationTest.java#autosavePartiallyUpdatesOnlyProvidedFields 200 partial title update and untouched fields,"NewsControllerIntegrationTest.java#operatorCannotMutateNewsOrReadItsHistory operator 403, original row and audit unchanged",NewsControllerIntegrationTest.java#malformedCreateAndUnknownNewsMutationsDoNotChangeContent unknown ID 404 and content/audit unchanged,ASSERTIONS_LINKED
GET /api/news/{id}/history,requireContentManage,NewsControllerIntegrationTest.java#newsHistoryAndRestoreLifecycle 200 historical version and author data,NewsControllerIntegrationTest.java#operatorCannotMutateNewsOrReadItsHistory operator 403,NewsControllerIntegrationTest.java#legacyFullNewsHistoryHasAnAggregateClobBudgetButSummaryDoesNotLoadContent oversized CLOB history 413,ASSERTIONS_LINKED
GET /api/news/{id}/history-summary,requireContentManage,NewsControllerIntegrationTest.java#newsHistoryAndRestoreLifecycle 200 metadata-only history summary,NewsControllerIntegrationTest.java#operatorCannotMutateNewsOrReadItsHistory operator 403,EndpointServiceFailureContractTest.java#articleReadRouteFailuresDoNotExposeRepositoryDetails summary query failure sanitized 500 with correlation ID,ASSERTIONS_LINKED
GET /api/news/{id}/history/{historyId},requireContentManage,NewsControllerIntegrationTest.java#newsHistoryAndRestoreLifecycle 200 selected historical title/content,NewsControllerIntegrationTest.java#operatorCannotMutateNewsOrReadItsHistory operator 403,NewsControllerIntegrationTest.java#historyIdsCannotCrossNewsBoundariesAndRejectedRestoreDoesNotMutate cross-news history ID 404,ASSERTIONS_LINKED
POST /api/news/{id}/history/{historyId}/restore,requireContentManage,NewsControllerIntegrationTest.java#newsHistoryAndRestoreLifecycle 200 restored historical title and new version,"NewsControllerIntegrationTest.java#operatorCannotMutateNewsOrReadItsHistory operator 403, original row and audit unchanged",NewsControllerIntegrationTest.java#historyIdsCannotCrossNewsBoundariesAndRejectedRestoreDoesNotMutate cross-news history ID 404 and target unchanged,ASSERTIONS_LINKED
POST /api/news/{id}/unarchive,requireContentManage,"NewsControllerIntegrationTest.java#archiveAndUnarchiveWriteReconstructableAuditEvidence 200, expiry cleared and audit before/after","NewsControllerIntegrationTest.java#operatorCannotMutateNewsOrReadItsHistory operator 403, original row and audit unchanged",NewsControllerIntegrationTest.java#malformedCreateAndUnknownNewsMutationsDoNotChangeContent nonarchived news 400 and content/audit unchanged,ASSERTIONS_LINKED
DELETE /api/admin/org/assignments/{assignmentId},requireSystemAdmin,"OrgAdminControllerIntegrationTest.java#deactivationKeepsHistoryAndBothMutationsAreAuditedWithTheActor admin 200, inactive stored row and DEACTIVATE audit",OrgAdminControllerIntegrationTest.java#allFourEndpointsRequireTheSystemAdminRoleEvenWithContentManage nonadmin roles 403 and assignment count unchanged,OrgAdminControllerIntegrationTest.java#deactivatingMissingAssignmentIs404WithoutAnAuditMutation missing ID 404 and audit count unchanged,ASSERTIONS_LINKED
GET /api/admin/org/assignments,requireSystemAdmin,OrgAdminControllerIntegrationTest.java#structureAndAssignmentListsExposeOnlyExpectedShapesToSystemAdmin admin 200 includes exact assignment ID and leader name,OrgAdminControllerIntegrationTest.java#allFourEndpointsRequireTheSystemAdminRoleEvenWithContentManage nonadmin roles 403,EndpointServiceFailureContractTest.java#policyDiagnosticsRoutesPreserveGateAndBackfillCardinalityFailure query failure sanitized 500 with correlation ID,ASSERTIONS_LINKED
GET /api/admin/org/structure,requireSystemAdmin,OrgAdminControllerIntegrationTest.java#structureAndAssignmentListsExposeOnlyExpectedShapesToSystemAdmin admin 200 includes seeded department and created team ID,OrgAdminControllerIntegrationTest.java#allFourEndpointsRequireTheSystemAdminRoleEvenWithContentManage nonadmin roles 403 and anonymous 401,EndpointServiceFailureContractTest.java#policyDiagnosticsRoutesPreserveGateAndBackfillCardinalityFailure directory failure sanitized 500 with correlation ID,ASSERTIONS_LINKED
POST /api/admin/org/assignments,requireSystemAdmin,"OrgAdminControllerIntegrationTest.java#deactivationKeepsHistoryAndBothMutationsAreAuditedWithTheActor admin 200, leader/ID and CREATE audit snapshot",OrgAdminControllerIntegrationTest.java#allFourEndpointsRequireTheSystemAdminRoleEvenWithContentManage nonadmin roles 403 and assignment count unchanged,"OrgAdminControllerIntegrationTest.java#aSecondActivePrimaryForTheSameTeamGetsAClearConflict second PRIMARY 409, exactly one active assignment remains",ASSERTIONS_LINKED
GET /api/notifications/summary,requireAuthenticated,"PlatformControllerIntegrationTest.java#notificationsSummaryCountsUnreadRemindersOnlyForTheCaller+notificationsSummaryFlagsOverdueUnreadReadingsAndSkipsAlreadyReadOnes+notificationsSummaryScopesRecentNewsByPrefixAwareDepartmentMatch 200, overdue/unread, scoped news and caller-only unread reminders",PlatformControllerIntegrationTest.java#notificationsSummaryRequiresAuthentication anonymous 401,EndpointServiceFailureContractTest.java#currentUserTeamAndLeaderQueryFailuresAreSanitized reading query failure sanitized 500 with correlation ID,ASSERTIONS_LINKED
GET /api/tags,requireAuthenticated,PlatformControllerIntegrationTest.java#tagsAreListedAlphabetically 200 and alphabetically ordered tag names,PlatformControllerIntegrationTest.java#tagsRequiresAuthentication anonymous 401,EndpointServiceFailureContractTest.java#currentUserTeamAndLeaderQueryFailuresAreSanitized repository failure sanitized 500 with correlation ID,ASSERTIONS_LINKED
GET /api/admin/org-backfill/report,requireSystemAdmin,EndpointServiceFailureContractTest.java#accessDiffQueryFailureReturnsSafeResponse admin HTTP 200 blocks_cutover false; PolicyDiagnosticsControllerTest.java#aCleanReportSaysTheCutoverMayProceed issue blocks cutover and dry-run no apply/audit,EndpointServiceFailureContractTest.java#accessDiffQueryFailureReturnsSafeResponse manager HTTP 403,EndpointServiceFailureContractTest.java#policyDiagnosticsRoutesPreserveGateAndBackfillCardinalityFailure over-capacity 413 with stable detail,ASSERTIONS_LINKED
POST /api/admin/org-backfill/apply,requireSystemAdmin,EndpointServiceFailureContractTest.java#policyDiagnosticsRoutesPreserveGateAndBackfillCardinalityFailure admin 200 and clean report; PolicyDiagnosticsControllerTest.java#applyingIsAudited success audit,EndpointServiceFailureContractTest.java#policyDiagnosticsRoutesPreserveGateAndBackfillCardinalityFailure manager 403; backfill apply invoked only once by admin,EndpointServiceFailureContractTest.java#policyDiagnosticsRoutesPreserveGateAndBackfillCardinalityFailure over-capacity 413; no extra success audit,ASSERTIONS_LINKED
GET /api/admin/policy-shadow,requireSystemAdmin,EndpointServiceFailureContractTest.java#accessDiffQueryFailureReturnsSafeResponse admin HTTP 200 with decisions map; PolicyDiagnosticsControllerTest.java#theShadowSnapshotReportsBothCountsPerDecision exact agreed/disagreed counts,EndpointServiceFailureContractTest.java#accessDiffQueryFailureReturnsSafeResponse manager HTTP 403,EndpointServiceFailureContractTest.java#articleReadRouteFailuresDoNotExposeRepositoryDetails snapshot exception sanitized 500 with correlation and no internal marker,ASSERTIONS_LINKED
GET /api/articles/{id}/quiz,requireAuthenticated,QuizControllerIntegrationTest.java#publicQuizNeverExposesIsCorrect status 200 with version/questions and no is_correct field,QuizControllerIntegrationTest.java#privateDraftQuizIsOpaqueToOtherAdminsAndReaders private draft reader gets 404,QuizControllerIntegrationTest.java#missingQuizIdsAndMalformedAttemptHaveControlledErrors missing article ID 404,ASSERTIONS_LINKED
GET /api/articles/{id}/quiz/admin,requireContentManage,QuizControllerIntegrationTest.java#privateDraftQuizIsOpaqueToOtherAdminsAndReaders author gets 200 with two questions,QuizControllerIntegrationTest.java#privateDraftQuizIsOpaqueToOtherAdminsAndReaders other content admin gets 404 for private draft,QuizControllerIntegrationTest.java#missingQuizIdsAndMalformedAttemptHaveControlledErrors missing article ID 404,ASSERTIONS_LINKED
PUT /api/articles/{id}/quiz/admin,"requireArticlesEditPermission`, `requireContentManage","QuizControllerIntegrationTest.java#privateDraftQuizIsOpaqueToOtherAdminsAndReaders author PUT 200, GET shows two questions","QuizControllerIntegrationTest.java#privateDraftQuizIsOpaqueToOtherAdminsAndReaders other admin PUT 404, author still sees two questions; QuizControllerIntegrationTest.java#operatorCannotEditQuiz operator 403",QuizControllerIntegrationTest.java#puttingEmptyQuestionsIs422 empty question list returns 422 with detail,ASSERTIONS_LINKED
POST /api/articles/{id}/quiz/attempt,requireAuthenticated,QuizControllerIntegrationTest.java#perfectAttemptPasses status 200 with pass/score/attempt number,QuizControllerIntegrationTest.java#privateDraftQuizIsOpaqueToOtherAdminsAndReaders private draft reader gets 404 with zero persisted attempts at QuizControllerIntegrationTest.java#privateDraftQuizIsOpaqueToOtherAdminsAndReaders,QuizControllerIntegrationTest.java#missingQuizIdsAndMalformedAttemptHaveControlledErrors malformed answers gets 400 and zero persisted attempts at QuizControllerIntegrationTest.java#missingQuizIdsAndMalformedAttemptHaveControlledErrors,ASSERTIONS_LINKED
GET /api/users/me/knowledge-score,requireAuthenticated,QuizControllerIntegrationTest.java#attemptNumberAndKnowledgeScoreRemainIsolatedPerUser each caller gets own score; QuizControllerIntegrationTest.java#knowledgeScoreAwardsFirstTryBonus first-try bonus,ProtectedEndpointAnonymousMatrixIntegrationTest.java#protectedActionRejectsAnonymous anonymous protected route denied,EndpointServiceFailureContractTest.java#personalSearchAndQuizScoreQueryFailuresAreSanitized score query failure sanitized 500 with correlation and no internal marker,ASSERTIONS_LINKED
GET /api/search,requireAuthenticated,"SearchControllerIntegrationTest.java#articleSearchFindsGeorgianMidWordSubstringAndRanksTitleAboveContent Georgian substring, rank and exact IDs 200; SearchControllerIntegrationTest.java#onlyItsAuthorFindsAPrivateDraftArticleInSearch draft hidden",SearchControllerIntegrationTest.java#noTokenIsUnauthorizedForAllThreeEndpoints anonymous 401; SearchControllerIntegrationTest.java#onlyItsAuthorFindsAPrivateDraftArticleInSearch operator draft omitted,SearchControllerIntegrationTest.java#searchRejectsOversizedQueriesBeforeDatabaseOrCacheWork 201-character q 400 with Georgian detail,ASSERTIONS_LINKED
GET /api/search/global,requireAuthenticated,SearchControllerIntegrationTest.java#globalSearchCombinesArticlesNewsAndVideosForTheSameQuery article/news/video each returned 200,SearchControllerIntegrationTest.java#globalSearchShowsDraftNewsToItsAuthorOnly operator draft news omitted; SearchControllerIntegrationTest.java#noTokenIsUnauthorizedForAllThreeEndpoints anonymous 401,SearchControllerIntegrationTest.java#searchRejectsOversizedQueriesBeforeDatabaseOrCacheWork 201-character q 400 with Georgian detail,ASSERTIONS_LINKED
GET /api/search/history,requireAuthenticated,SearchControllerIntegrationTest.java#searchHistoryReturnsRecentSearchesMostRecentFirstAndOnlyForTheCaller recent-first terms and other caller empty,SearchControllerIntegrationTest.java#noTokenIsUnauthorizedForAllThreeEndpoints anonymous 401; SearchControllerIntegrationTest.java#searchHistoryReturnsRecentSearchesMostRecentFirstAndOnlyForTheCaller caller isolation,EndpointServiceFailureContractTest.java#personalSearchAndQuizScoreQueryFailuresAreSanitized history query failure sanitized 500 with correlation and no internal marker,ASSERTIONS_LINKED
GET /api/admin/critical-operators,requireManagerOrAdmin,"StatsControllerIntegrationTest.java#departmentStatsContainsOnlyManagerScopeButAdminRemainsOrgWide threshold results; StatsControllerIntegrationTest.java#managerCanDrillIntoCriticalOperatorsAndGroupUsersFromTheirOwnDashboard manager own operator included, foreign excluded",StatsControllerIntegrationTest.java#operatorIsForbiddenFromAdminStatsEndpoints operator 403; StatsControllerIntegrationTest.java#managerCanDrillIntoCriticalOperatorsAndGroupUsersFromTheirOwnDashboard foreign group excluded,EndpointServiceFailureContractTest.java#leadershipOptionsFailureDoesNotExposeDirectoryException compliance exception sanitized 500 and correlation,ASSERTIONS_LINKED
GET /api/admin/departments/{department}/groups/{groupName}/users,requireManagerOrAdmin,StatsControllerIntegrationTest.java#groupUsersDrillDownMatchesDepartmentBucketAndGroupLabel department/group bucket member IDs; StatsControllerIntegrationTest.java#assignmentBackedLegacyGroupPathAuthorizesCanonicalTargetEvenWhenItIsEmpty canonical assigned team and empty own team 200,StatsControllerIntegrationTest.java#managerCriticalOperatorsAndGroupUsersAreScopedToTheirOwnDepartmentOnly foreign group 403; StatsControllerIntegrationTest.java#assignmentBackedLegacyGroupPathAuthorizesCanonicalTargetEvenWhenItIsEmpty unassigned team 403,EndpointServiceFailureContractTest.java#statisticsQueryFailuresReturnCorrelationWithoutLeakingInternalDetails active user query failure sanitized 500 with correlation and no internal marker,ASSERTIONS_LINKED
GET /api/admin/stats/team/{teamId},requireSystemAdmin,"StatsControllerIntegrationTest.java#adminTeamStatsScopesByTeamIdAndComputesAverage team ID, 100% average and exact member 200",StatsControllerIntegrationTest.java#adminTeamStatsScopesByTeamIdAndComputesAverage content admin 403,EndpointServiceFailureContractTest.java#leadershipOptionsFailureDoesNotExposeDirectoryException active user query exception sanitized 500 and correlation,ASSERTIONS_LINKED
GET /api/manager/department-stats,requireManagerOrAdmin,StatsControllerDepartmentScopeTest.java#managerDashboardContainsOnlyTheirOwnGroupIncludingItsMembers and StatsControllerDepartmentScopeTest.java#dashboardFor status 200 with only own group/member names,StatsControllerDepartmentScopeTest.java#theRoleGateIsUnchanged content admin/operator 403 and anonymous 401,EndpointServiceFailureContractTest.java#managerDashboardServiceFailureHasSafeResponseAndScopedQuery scoped service failure returns sanitized 500 with correlation ID and no private marker,ASSERTIONS_LINKED
GET /api/manager/leadership-options,requireManagerOrAdmin,StatsControllerIntegrationTest.java#leadershipOptionsExposeOnlyOwnPrimaryAndActingTeams exact primary/acting IDs and foreign exclusion 200; admin empty list,StatsControllerIntegrationTest.java#leadershipOptionsExposeOnlyOwnPrimaryAndActingTeams operator 403,"EndpointServiceFailureContractTest.java#managerDashboardServiceFailureHasSafeResponseAndScopedQuery scope exception sanitized 500 with correlation, no internal marker",ASSERTIONS_LINKED
GET /api/manager/team-stats,requireManagerOrAdmin,"StatsControllerIntegrationTest.java#managerTeamStatsDefaultsToAssignedTeamAndRejectsForeignTeamId+managerTeamStatsIsPinnedToOwnDepartmentEvenIfQueryParamSaysOtherwise own member present, foreign member absent, foreign team 403",StatsControllerIntegrationTest.java#operatorIsForbiddenFromAdminStatsEndpoints operator 403,EndpointServiceFailureContractTest.java#leadershipOptionsFailureDoesNotExposeDirectoryException active user query exception sanitized 500 and correlation,ASSERTIONS_LINKED
GET /api/statistics/activity,requireStatsView,StatsControllerIntegrationTest.java#activityTrendRejectsInvalidBucket three day buckets 200 and nonzero count,StatsControllerIntegrationTest.java#statsViewIsIndependentFromContentManageAcrossAllSixAggregates content admin 403; stats viewer/admin 200,StatsControllerIntegrationTest.java#breakdownReturnsGroupedCountsForEachWhitelistedDimension invalid bucket 400 with detail,ASSERTIONS_LINKED
GET /api/statistics/breakdown,requireStatsView,StatsControllerIntegrationTest.java#breakdownRejectsUnknownDimension department and role labels 200,StatsControllerIntegrationTest.java#statsViewIsIndependentFromContentManageAcrossAllSixAggregates content admin 403; stats viewer/admin 200,StatsControllerIntegrationTest.java#breakdownRejectsUnknownDimension unknown dimension 400 with allowed list,ASSERTIONS_LINKED
GET /api/statistics/compliance,requireStatsView,StatsControllerIntegrationTest.java#complianceStatisticsReturnsWellFormedPercentagesAndArticleList bounded percentages and article list 200,StatsControllerIntegrationTest.java#statsViewIsIndependentFromContentManageAcrossAllSixAggregates content admin 403 despite content manage,EndpointServiceFailureContractTest.java#leadershipOptionsFailureDoesNotExposeDirectoryException compliance exception produces sanitized 500 and correlation,ASSERTIONS_LINKED
GET /api/statistics/failed-searches,requireStatsView,StatsControllerIntegrationTest.java#popularAndFailedSearchesGroupNormalizedTermsCaseAndWhitespace failed query normalized counts in 200 response,StatsControllerIntegrationTest.java#statsViewIsIndependentFromContentManageAcrossAllSixAggregates content admin 403 despite content manage,EndpointServiceFailureContractTest.java#leadershipOptionsFailureDoesNotExposeDirectoryException repository exception produces sanitized 500 and correlation,ASSERTIONS_LINKED
GET /api/statistics/kpi,requireStatsView,StatsControllerIntegrationTest.java#kpiCountsReflectSeededData seeded counts 200,StatsControllerIntegrationTest.java#operatorIsForbiddenFromAdminStatsEndpoints operator 403 with detail,EndpointServiceFailureContractTest.java#leadershipOptionsFailureDoesNotExposeDirectoryException count exception produces sanitized 500 and correlation,ASSERTIONS_LINKED
GET /api/statistics/popular-searches,requireStatsView,StatsControllerIntegrationTest.java#popularAndFailedSearchesGroupNormalizedTermsCaseAndWhitespace normalized term counts in 200 response,StatsControllerIntegrationTest.java#statsViewIsIndependentFromContentManageAcrossAllSixAggregates content admin 403 despite content manage,EndpointServiceFailureContractTest.java#leadershipOptionsFailureDoesNotExposeDirectoryException repository exception produces sanitized 500 and correlation,ASSERTIONS_LINKED
GET /api/statistics/user-progress,requireSystemAdmin,StatsControllerIntegrationTest.java#userProgressRejectsUnboundedRequestsAndPagesActiveOperatorsAtOracle paged active operators 200 with stable Oracle IDs,StatsControllerIntegrationTest.java#userProgressIsSystemAdminOnly content admin 403; system admin 200,StatsControllerIntegrationTest.java#userProgressRejectsUnboundedRequestsAndPagesActiveOperatorsAtOracle negative skip and limit 1001 return 400,ASSERTIONS_LINKED
POST /api/upload,requireContentManage,"UploadControllerIntegrationTest.java#contentAdminCanUploadAnAllowedTypeAndItIsServedBack 200, stored URL serves exact allowed bytes",UploadControllerIntegrationTest.java#operatorCannotUpload operator 403; stored file and audit counts unchanged,UploadControllerIntegrationTest.java#disallowedMimeTypeIsRejected+oversizedFileIsRejected unsupported type 400 and oversize 413,ASSERTIONS_LINKED
GET /uploads/{filename},—,FileEntitlementEnforcedIntegrationTest.java#draftPublicationAndArchiveChangeArticleAndDirectFileAccessTogether status 200 after publication,FileEntitlementEnforcedIntegrationTest.java#draftPublicationAndArchiveChangeArticleAndDirectFileAccessTogether other admin's draft 404; FileEntitlementEnforcedIntegrationTest.java#draftPublicationAndArchiveChangeArticleAndDirectFileAccessTogether archived 404,FileEntitlementEnforcedIntegrationTest.java#missingDirectArticleAndFileUrlsStayOpaque missing direct filename returns 404,ASSERTIONS_LINKED
GET /api/admin/group-leaders,requireSystemAdmin,UserControllerIntegrationTest.java#groupLeadersListsOnlyManagersAndRequiresAdmin exact manager included; no role field in response,UserControllerIntegrationTest.java#groupLeadersListsOnlyManagersAndRequiresAdmin manager caller 403,EndpointServiceFailureContractTest.java#currentUserTeamAndLeaderQueryFailuresAreSanitized directory query failure sanitized 500 with correlation and no internal marker,ASSERTIONS_LINKED
POST /api/admin/roles/bulk-reassign,requireSystemAdmin,"UserControllerIntegrationTest.java#bulkReassignExcludesActingAdminAndReportsCounts manager role assigned, counts and before/after audit 200",UserControllerIntegrationTest.java#bulkReassignRequiresSystemAdmin manager 403; target remains operator and audit count unchanged,UserControllerIntegrationTest.java#bulkReassignRejectsUnknownRole unknown role 400; UserControllerIntegrationTest.java#bulkReassignWithOnlySelfSelectedIsRejected self-only 400,ASSERTIONS_LINKED
POST /api/admin/users/bulk-deactivate,requireSystemAdmin,"UserControllerIntegrationTest.java#bulkDeactivateExcludesActingAdminSkipsTheAlreadyOffAndAudits one deactivated, one skipped and before/after audit 200","UserControllerIntegrationTest.java#bulkDeactivateRequiresSystemAdmin manager 403, target active and no audit",UserControllerIntegrationTest.java#bulkDeactivateWithOnlySelfSelectedIsRejected self-only 400 and caller active,ASSERTIONS_LINKED
GET /api/teams,requireAuthenticated,UserControllerIntegrationTest.java#teamsListIsAuthenticatedButInteractiveCreationIsDirectoryOwned seeded team name in authenticated 200 list,ProtectedEndpointAnonymousMatrixIntegrationTest.java#protectedActionRejectsAnonymous anonymous protected route denied,EndpointServiceFailureContractTest.java#currentUserTeamAndLeaderQueryFailuresAreSanitized org query failure sanitized 500 with correlation and no internal marker,ASSERTIONS_LINKED
POST /api/teams,requireSystemAdmin,N/A: directory-owned team creation is deliberately disabled; UserController.java#createTeam always returns 403 for a valid admin request,UserControllerIntegrationTest.java#teamsListIsAuthenticatedButInteractiveCreationIsDirectoryOwned operator/admin valid request 403; team count stays one,UserControllerIntegrationTest.java#teamsListIsAuthenticatedButInteractiveCreationIsDirectoryOwned empty body 400; team count stays one,ASSERTIONS_LINKED
GET /api/me/effective-access,requireAuthenticated,UserControllerIntegrationTest.java#effectiveAccessIncludesOnlyTheCallersExplicitGrant explicit grant; UserControllerIntegrationTest.java#effectiveAccessRemovesADeniedContentAdminDefaultButKeepsTheOthers explicit deny; UserControllerIntegrationTest.java#effectiveAccessMakesTheSystemAdminBypassAndFullCatalogExplicit admin bypass permissions 200,UserControllerIntegrationTest.java#effectiveAccessRequiresAuthentication anonymous 401,EndpointServiceFailureContractTest.java#currentUserTeamAndLeaderQueryFailuresAreSanitized permission computation failure sanitized 500 with correlation and no internal marker,ASSERTIONS_LINKED
GET /api/users,requireSystemAdmin,UserControllerIntegrationTest.java#listUsersRequiresAdminAndComputesProgressAndManagerFilter scoped progress and manager filter 200; UserControllerIntegrationTest.java#listUsersRejectsUnboundedRequestsAndPagesAtOracle Oracle pagination,UserControllerIntegrationTest.java#listUsersRequiresAdminAndComputesProgressAndManagerFilter nonadmin 403,UserControllerIntegrationTest.java#listUsersRejectsUnboundedRequestsAndPagesAtOracle invalid pagination 400,ASSERTIONS_LINKED
POST /api/users,requireSystemAdmin,N/A: directory-owned account creation is deliberately disabled; UserController.java#createUserAdmin always returns 403 for a valid admin request,UserControllerIntegrationTest.java#createUserAdminIsDirectoryOwned valid admin request 403; user/audit counts unchanged,UserControllerIntegrationTest.java#createUserAdminIsDirectoryOwned empty body 400; user/audit counts unchanged,ASSERTIONS_LINKED
GET /api/users/me,requireAuthenticated,UserControllerIntegrationTest.java#getCurrentUserReportsAuditLogVisibilityByPermission own email and audit visibility 200,UserControllerIntegrationTest.java#noTokenIsUnauthorized anonymous 401 with credential detail,EndpointServiceFailureContractTest.java#currentUserTeamAndLeaderQueryFailuresAreSanitized permission computation failure sanitized 500 with correlation and no internal marker,ASSERTIONS_LINKED
PUT /api/users/me,requireAuthenticated,"UserControllerIntegrationTest.java#updateCurrentUserChangesOnlyTheCallersProfileFields profile fields changed, other user intact, audit excludes phone 200",UserControllerIntegrationTest.java#anonymousSelfUpdateCannotChangeAnyProfile anonymous with valid CSRF 401; profile/audit unchanged,UserControllerIntegrationTest.java#selfUpdateRefusesANameChangeWithoutChangingProfileOrAudit blank or changed name 403 (directory-owned) with profile/audit unchanged,ASSERTIONS_LINKED
POST /api/users/me/password,requireAuthenticated,N/A: password changes belong to Active Directory; UserController.java#changeOwnPassword always returns 403 for a valid authenticated request,UserControllerIntegrationTest.java#passwordChangesAreDirectoryOwnedAndRejectedWithoutMutationOrAudit valid request 403; password hash/audit unchanged,UserControllerIntegrationTest.java#passwordChangesAreDirectoryOwnedAndRejectedWithoutMutationOrAudit empty body 400; password hash/audit unchanged,ASSERTIONS_LINKED
PUT /api/users/{userId},requireSystemAdmin,UserControllerIntegrationTest.java#updateUserAdminChangesRoleDepartmentAndRejectsUnknownRole role/department changed 200 with audit; UserControllerIntegrationTest.java#profileRoleAndPermissionDeltasCommitAtomicallyAgainstTheOriginalLock atomic delta,UserControllerIntegrationTest.java#nonAdminCannotChangeAnotherProfileOrPermissionOverrides manager 403; target department/overrides/audit unchanged,UserControllerIntegrationTest.java#updateUserAdminChangesRoleDepartmentAndRejectsUnknownRole unknown role 400; UserControllerIntegrationTest.java#anAdminCannotDemoteThemselvesThroughTheSingleUserEndpoint+theLastSystemAdminCannotBeDemotedThroughTheSingleUserEndpoint last-admin/self-demotion refused,ASSERTIONS_LINKED
PUT /api/users/{userId}/permissions,requireSystemAdmin,UserControllerIntegrationTest.java#permissionDeltaValidatesCatalogPersistsBothStatesAndDeletesInherit override states persisted and INHERIT removed 200,UserControllerIntegrationTest.java#nonAdminCannotChangeAnotherProfileOrPermissionOverrides manager 403; target department/overrides/audit unchanged,UserControllerIntegrationTest.java#permissionDeltaRejectsAStaleLockVersion+permissionDeltaRequiresTheLockTokenAndValidatesNestedFields stale lock 409 and malformed nested fields 400,ASSERTIONS_LINKED
POST /api/users/{userId}/reset-password,requireSystemAdmin,N/A: password reset belongs to Active Directory; UserController.java#adminResetPassword always returns 403 for a valid admin request,UserControllerIntegrationTest.java#adminResetPasswordIsDirectoryOwned valid request 403; target hash/audit unchanged,UserControllerIntegrationTest.java#adminResetPasswordIsDirectoryOwned empty body 400; target hash/audit unchanged,ASSERTIONS_LINKED
PUT /api/users/{userId}/status,requireSystemAdmin,UserControllerIntegrationTest.java#updateUserStatusBlocksSelfDeactivationAndRequiresAdmin target inactive 200 with audit,UserControllerIntegrationTest.java#updateUserStatusBlocksSelfDeactivationAndRequiresAdmin manager 403; target remains active and no audit,UserControllerIntegrationTest.java#updateUserStatusBlocksSelfDeactivationAndRequiresAdmin self-deactivate 400 and missing target 404,ASSERTIONS_LINKED
GET /api/videos,requireAuthenticated,VideoControllerIntegrationTest.java#operatorInASubgroupSeesTheParentDepartmentsVideo 200 parent group video visible; VideoControllerIntegrationTest.java#operatorInAnUnrelatedDepartmentDoesNotSeeIt foreign group excluded,VideoControllerIntegrationTest.java#noTokenIsUnauthorized anonymous 401,EndpointServiceFailureContractTest.java#accessDiffQueryFailureReturnsSafeResponse query failure sanitized 500 with correlation ID,ASSERTIONS_LINKED
POST /api/videos,requireContentManage,"VideoControllerIntegrationTest.java#contentAdminCreatesAVideoWithNormalizedUrlAndSyncedTags 200, normalized URL and tag mapping persisted","VideoControllerIntegrationTest.java#operatorCannotMutateVideoAndOriginalRowAndAuditRemainUnchanged operator 403, row and audit counts unchanged","VideoControllerIntegrationTest.java#malformedCreateAndUnknownVideoMutationsDoNotChangeContent blank title 400, content and audit unchanged",ASSERTIONS_LINKED
POST /api/videos/command,—,NewsVideoCommandIntegrationTest.java#createAndUpdateSaveContentWithOneMandatoryAssignment 200 with content ID and required reading ID for video,NewsVideoCommandIntegrationTest.java#operatorCannotCreateACommandOrItsMandatoryAssignment operator 403; content and reading counts unchanged for video,NewsVideoCommandIntegrationTest.java#missingDueDateRollsBackBothCreateAndUpdate missing due date 422; create transaction rolled back for video,ASSERTIONS_LINKED
DELETE /api/videos/{id},requireContentManage,"VideoControllerIntegrationTest.java#contentAdminDeletesAVideo 204, recoverable trash and audit","VideoControllerIntegrationTest.java#operatorCannotMutateVideoAndOriginalRowAndAuditRemainUnchanged operator 403, row and audit unchanged","VideoControllerIntegrationTest.java#malformedCreateAndUnknownVideoMutationsDoNotChangeContent missing ID 404, content/audit unchanged",ASSERTIONS_LINKED
PUT /api/videos/{id},requireContentManage,VideoControllerIntegrationTest.java#contentAdminUpdatesAVideo 200 with updated title/URL,"VideoControllerIntegrationTest.java#operatorCannotMutateVideoAndOriginalRowAndAuditRemainUnchanged operator 403, original title and audit unchanged","VideoControllerIntegrationTest.java#malformedCreateAndUnknownVideoMutationsDoNotChangeContent missing ID 404, content/audit unchanged",ASSERTIONS_LINKED
PUT /api/videos/{id}/command,—,NewsVideoCommandIntegrationTest.java#createAndUpdateSaveContentWithOneMandatoryAssignment 200 updated title and same required reading ID for video,NewsVideoCommandIntegrationTest.java#operatorCannotUpdateACommandOrItsMandatoryAssignment operator 403; original title and reading count unchanged for video,NewsVideoCommandIntegrationTest.java#missingDueDateRollsBackBothCreateAndUpdate missing due date 422; prior title and reading count unchanged for video,ASSERTIONS_LINKED
POST /api/videos/{id}/archive,requireVideosArchivePermission,"VideoControllerIntegrationTest.java#archivingWritesAnAuditRowAndIsIdempotent 200, archived state and one audit on idempotent repeat","VideoControllerIntegrationTest.java#operatorCannotMutateVideoAndOriginalRowAndAuditRemainUnchanged operator 403, archived state and audit unchanged","VideoControllerIntegrationTest.java#malformedCreateAndUnknownVideoMutationsDoNotChangeContent missing ID 404, content/audit unchanged",ASSERTIONS_LINKED
POST /api/videos/{id}/unarchive,requireVideosArchivePermission,"VideoControllerIntegrationTest.java#archivingWritesAnAuditRowAndIsIdempotent 200, unarchived state and audit","VideoControllerIntegrationTest.java#operatorCannotMutateVideoAndOriginalRowAndAuditRemainUnchanged operator 403, archived state and audit unchanged",VideoControllerIntegrationTest.java#unarchivingANonArchivedVideoIsRejected nonarchived video 400,ASSERTIONS_LINKED
POST /api/videos/{id}/view,requireAuthenticated,VideoControllerIntegrationTest.java#viewingAVideoIncrementsItsCount 200 and views_count incremented,VideoControllerIntegrationTest.java#videoViewFollowsListVisibilityAndRejectedIdsDoNotChangeCounts foreign/archived video 404 and counters unchanged,VideoControllerIntegrationTest.java#viewingAMissingVideoIs404 missing video ID 404,ASSERTIONS_LINKED
