"family","endpoint","handler","gate","capability","scope","pii","notes","candidate_java_tests","candidate_browser_tests","case_level_result"
"AccessDiff","GET /api/admin/access-diff","AccessDiffController.getAccessDiff","requireSystemAdmin","—","`ORG`","**yes**","Phase 9A. read-only cutover evidence: თითო განსხვავებული მომხმარებლის სახელი, legacy/proposed compliance და scope-ში მხოლოდ მომხმარებელთა რაოდენობები; არც apply და არც scope-ის წევრთა სახელები.","AccessDiffControllerIntegrationTest.java","","UNVERIFIED"
"Article","GET /api/admin/articles/stale","ArticleController.getStaleArticles","requireContentManage","content.manage","`ORG-CONTENT`","no","Phase 6 permission-gate. წესი #9: კომპანიის მასშტაბით გამოქვეყნება + სხვისი სტატია + კატეგორიები = ერთი capability.","ArticleBulkOperationsIntegrationTest.java; ArticleRequestDraftConsistencyTest.java; ArticleRequestStatusValidationTest.java; ArticleSummaryResponseTest.java; ArticleCommandControllerIntegrationTest.java; ArticleControllerIntegrationTest.java","article-due-date.spec.ts; admin-article-history.spec.ts; admin-article-drawer.spec.ts","UNVERIFIED"
"Article","GET /api/articles","ArticleController.getArticles","requireAuthenticated","AUTH","`CONTENT`","no","ხილვადობა target-department-ით (`ArticleQueryService`/`DepartmentMatcher`), არა role-ით.","ArticleBulkOperationsIntegrationTest.java; ArticleRequestDraftConsistencyTest.java; ArticleRequestStatusValidationTest.java; ArticleSummaryResponseTest.java; ArticleCommandControllerIntegrationTest.java; ArticleControllerIntegrationTest.java","article-due-date.spec.ts; admin-article-history.spec.ts; admin-article-drawer.spec.ts","UNVERIFIED"
"Article","POST /api/articles","ArticleController.createArticle","requireArticlesEditPermission","articles.edit","`ORG-CONTENT`","no","`articles.edit` პირდაპირ გამოქვეყნებასაც მოიცავს; ცალკე publish permission აღარ არსებობს.","ArticleBulkOperationsIntegrationTest.java; ArticleRequestDraftConsistencyTest.java; ArticleRequestStatusValidationTest.java; ArticleSummaryResponseTest.java; ArticleCommandControllerIntegrationTest.java; ArticleControllerIntegrationTest.java","article-due-date.spec.ts; admin-article-history.spec.ts; admin-article-drawer.spec.ts","UNVERIFIED"
"Article","POST /api/articles/command","ArticleCommandController.create","—","articles.edit + compliance.assign","`ORG-CONTENT`","no","სტატია, სავალდებულო დავალება და ქვიზი ერთ ტრანზაქციაში ინახება; gate-ები დელეგირებულ controller ოპერაციებში სრულდება.","ArticleBulkOperationsIntegrationTest.java; ArticleRequestDraftConsistencyTest.java; ArticleRequestStatusValidationTest.java; ArticleSummaryResponseTest.java; ArticleCommandControllerIntegrationTest.java; ArticleControllerIntegrationTest.java","article-due-date.spec.ts; admin-article-history.spec.ts; admin-article-drawer.spec.ts","UNVERIFIED"
"Article","POST /api/articles/bulk-archive","ArticleController.bulkArchiveArticles","requireArticlesArchivePermission","articles.archive","`ORG-CONTENT`","no","უკვე permission-ზეა.","ArticleBulkOperationsIntegrationTest.java; ArticleRequestDraftConsistencyTest.java; ArticleRequestStatusValidationTest.java; ArticleSummaryResponseTest.java; ArticleCommandControllerIntegrationTest.java; ArticleControllerIntegrationTest.java","article-due-date.spec.ts; admin-article-history.spec.ts; admin-article-drawer.spec.ts","UNVERIFIED"
"Article","POST /api/articles/bulk-status","ArticleController.bulkSetArticleStatus","requireArticlesArchivePermission","articles.archive","`ORG-CONTENT`","no","bulk-archive-ის განზოგადება: draft/published/archived. იგივე gate, რადგან სამივე გამოქვეყნების გადაწყვეტილებაა და არა შიგთავსის ცვლილება. თითოეული სტატია ცალკე აუდიტდება.","ArticleBulkOperationsIntegrationTest.java; ArticleRequestDraftConsistencyTest.java; ArticleRequestStatusValidationTest.java; ArticleSummaryResponseTest.java; ArticleCommandControllerIntegrationTest.java; ArticleControllerIntegrationTest.java","article-due-date.spec.ts; admin-article-history.spec.ts; admin-article-drawer.spec.ts","UNVERIFIED"
"Article","POST /api/articles/bulk-retarget","ArticleController.bulkRetargetArticles","requireArticlesEditPermission","articles.edit","`ORG-CONTENT`","no","კატეგორიისა და აუდიტორიის მასობრივი შეცვლა. **archive-ზე მკაცრი gate განზრახ**: აუდიტორიის შეცვლა ერთადერთი მასობრივი ოპერაციაა, რომელსაც შეუძლია მასალა იმ ადამიანებამდე მიიტანოს, ვისთვისაც დაწერილი არ ყოფილა. ცარიელი დეპარტამენტების სია უარყოფილია.","ArticleBulkOperationsIntegrationTest.java; ArticleRequestDraftConsistencyTest.java; ArticleRequestStatusValidationTest.java; ArticleSummaryResponseTest.java; ArticleCommandControllerIntegrationTest.java; ArticleControllerIntegrationTest.java","article-due-date.spec.ts; admin-article-history.spec.ts; admin-article-drawer.spec.ts","UNVERIFIED"
"Article","DELETE /api/articles/{id}","ArticleController.deleteArticle","requireArticlesEditPermission","articles.edit","`ORG-CONTENT`","no","R5: მხოლოდ უკვე არქივირებული სტატია გადადის 30-დღიან აღდგენად სანაგვეში; hard delete არაა.","ArticleBulkOperationsIntegrationTest.java; ArticleRequestDraftConsistencyTest.java; ArticleRequestStatusValidationTest.java; ArticleSummaryResponseTest.java; ArticleCommandControllerIntegrationTest.java; ArticleControllerIntegrationTest.java","article-due-date.spec.ts; admin-article-history.spec.ts; admin-article-drawer.spec.ts","UNVERIFIED"
"Article","GET /api/articles/{id}","ArticleController.getArticle","requireAuthenticated","AUTH","`CONTENT`","no","გამოქვეყნებულის ხილვადობა target-department-ით (`ArticleQueryService`/`DepartmentMatcher`); `is_draft` მხოლოდ ავტორს ეხსნება, content/system admin-ის bypass-ის გარეშეც. სხვის მონახაზზე 404.","ArticleBulkOperationsIntegrationTest.java; ArticleRequestDraftConsistencyTest.java; ArticleRequestStatusValidationTest.java; ArticleSummaryResponseTest.java; ArticleCommandControllerIntegrationTest.java; ArticleControllerIntegrationTest.java","article-due-date.spec.ts; admin-article-history.spec.ts; admin-article-drawer.spec.ts","UNVERIFIED"
"Article","PUT /api/articles/{id}","ArticleController.updateArticle","requireArticlesEditPermission","articles.edit","`ORG-CONTENT`","no","`articles.edit` პირდაპირ გამოქვეყნებასაც მოიცავს.","ArticleBulkOperationsIntegrationTest.java; ArticleRequestDraftConsistencyTest.java; ArticleRequestStatusValidationTest.java; ArticleSummaryResponseTest.java; ArticleCommandControllerIntegrationTest.java; ArticleControllerIntegrationTest.java","article-due-date.spec.ts; admin-article-history.spec.ts; admin-article-drawer.spec.ts","UNVERIFIED"
"Article","PUT /api/articles/{id}/command","ArticleCommandController.update","—","articles.edit + compliance.assign","`ORG-CONTENT`","no","სტატიის, დავალებისა და ქვიზის ცვლილება ატომურია; ნებისმიერი ნაწილის უარყოფა მთლიან ცვლილებას rollback-ს უკეთებს.","ArticleBulkOperationsIntegrationTest.java; ArticleRequestDraftConsistencyTest.java; ArticleRequestStatusValidationTest.java; ArticleSummaryResponseTest.java; ArticleCommandControllerIntegrationTest.java; ArticleControllerIntegrationTest.java","article-due-date.spec.ts; admin-article-history.spec.ts; admin-article-drawer.spec.ts","UNVERIFIED"
"Article","POST /api/articles/{id}/archive","ArticleController.archiveArticle","requireArticlesArchivePermission","articles.archive","`ORG-CONTENT`","no","უკვე permission-ზეა.","ArticleBulkOperationsIntegrationTest.java; ArticleRequestDraftConsistencyTest.java; ArticleRequestStatusValidationTest.java; ArticleSummaryResponseTest.java; ArticleCommandControllerIntegrationTest.java; ArticleControllerIntegrationTest.java","article-due-date.spec.ts; admin-article-history.spec.ts; admin-article-drawer.spec.ts","UNVERIFIED"
"Article","PATCH /api/articles/{id}/autosave","ArticleController.autosaveArticle","requireArticlesEditPermission","articles.edit","`ORG-CONTENT`","no","Autosave არ აქვეყნებს live ვერსიას; `articles.edit` არის ერთადერთი authoring capability.","ArticleBulkOperationsIntegrationTest.java; ArticleRequestDraftConsistencyTest.java; ArticleRequestStatusValidationTest.java; ArticleSummaryResponseTest.java; ArticleCommandControllerIntegrationTest.java; ArticleControllerIntegrationTest.java","article-due-date.spec.ts; admin-article-history.spec.ts; admin-article-drawer.spec.ts","UNVERIFIED"
"Article","GET /api/articles/{id}/history","ArticleController.getArticleHistory","requireContentManage","content.manage","`ORG-CONTENT`","no","Phase 6 permission-gate. წესი #9: კომპანიის მასშტაბით გამოქვეყნება + სხვისი სტატია + კატეგორიები = ერთი capability.","ArticleBulkOperationsIntegrationTest.java; ArticleRequestDraftConsistencyTest.java; ArticleRequestStatusValidationTest.java; ArticleSummaryResponseTest.java; ArticleCommandControllerIntegrationTest.java; ArticleControllerIntegrationTest.java","article-due-date.spec.ts; admin-article-history.spec.ts; admin-article-drawer.spec.ts","UNVERIFIED"
"Article","GET /api/articles/{id}/history-summary","ArticleController.getArticleHistorySummary","requireContentManage","content.manage","`ORG-CONTENT`","no","იგივე history scope; CLOB-free metadata list, content ცალკე selected-detail request-ით.","ArticleBulkOperationsIntegrationTest.java; ArticleRequestDraftConsistencyTest.java; ArticleRequestStatusValidationTest.java; ArticleSummaryResponseTest.java; ArticleCommandControllerIntegrationTest.java; ArticleControllerIntegrationTest.java","article-due-date.spec.ts; admin-article-history.spec.ts; admin-article-drawer.spec.ts","UNVERIFIED"
"Article","GET /api/articles/{id}/history/{historyId}","ArticleController.getArticleHistoryItem","requireContentManage","content.manage","`ORG-CONTENT`","no","იგივე history scope; ერთი selected revision payload. `{historyId}` owning article-ზეა scoped; foreign-parent ID 404-ია.","ArticleBulkOperationsIntegrationTest.java; ArticleRequestDraftConsistencyTest.java; ArticleRequestStatusValidationTest.java; ArticleSummaryResponseTest.java; ArticleCommandControllerIntegrationTest.java; ArticleControllerIntegrationTest.java","article-due-date.spec.ts; admin-article-history.spec.ts; admin-article-drawer.spec.ts","UNVERIFIED"
"Article","GET /api/articles/{id}/history/{historyId}/diff","ArticleController.getArticleDiff","requireAuthenticated","AUTH","`CONTENT`","no","ხილვადობა target-department-ით (`ArticleQueryService`/`DepartmentMatcher`), არა role-ით; base და explicit compare history IDs ორივე owning article-ზეა scoped.","ArticleBulkOperationsIntegrationTest.java; ArticleRequestDraftConsistencyTest.java; ArticleRequestStatusValidationTest.java; ArticleSummaryResponseTest.java; ArticleCommandControllerIntegrationTest.java; ArticleControllerIntegrationTest.java","article-due-date.spec.ts; admin-article-history.spec.ts; admin-article-drawer.spec.ts","UNVERIFIED"
"Article","POST /api/articles/{id}/history/{historyId}/restore","ArticleController.restoreArticleVersion","requireContentManage","content.manage","`ORG-CONTENT`","no","Phase 6 permission-gate. Foreign-parent history ID 404-ია და target/audit უცვლელია. წესი #9 უცვლელია.","ArticleBulkOperationsIntegrationTest.java; ArticleRequestDraftConsistencyTest.java; ArticleRequestStatusValidationTest.java; ArticleSummaryResponseTest.java; ArticleCommandControllerIntegrationTest.java; ArticleControllerIntegrationTest.java","article-due-date.spec.ts; admin-article-history.spec.ts; admin-article-drawer.spec.ts","UNVERIFIED"
"Article","GET /api/articles/{id}/note","ArticleController.getUserNote","requireAuthenticated`, `requireVisibleArticle","AUTH","`SELF`","no","საკუთარი ჩანაწერი ხილულ კონტენტზე; იგივე article-ზე სხვა მომხმარებლის note არ ჩანს და absent value literal JSON `null`-ია.","ArticleBulkOperationsIntegrationTest.java; ArticleRequestDraftConsistencyTest.java; ArticleRequestStatusValidationTest.java; ArticleSummaryResponseTest.java; ArticleCommandControllerIntegrationTest.java; ArticleControllerIntegrationTest.java","article-due-date.spec.ts; admin-article-history.spec.ts; admin-article-drawer.spec.ts","UNVERIFIED"
"Article","PUT /api/articles/{id}/note","ArticleController.putUserNote","requireAuthenticated`, `requireVisibleArticle","AUTH","`SELF`","no","ჩანაწერი `(user_id, article_id)` ownership key-ზე ინახება; ორი caller-ის notes ერთმანეთს არ overwrite-ავს.","ArticleBulkOperationsIntegrationTest.java; ArticleRequestDraftConsistencyTest.java; ArticleRequestStatusValidationTest.java; ArticleSummaryResponseTest.java; ArticleCommandControllerIntegrationTest.java; ArticleControllerIntegrationTest.java","article-due-date.spec.ts; admin-article-history.spec.ts; admin-article-drawer.spec.ts","UNVERIFIED"
"Article","POST /api/articles/{id}/read-receipt","ArticleController.createArticleReadReceipt","requireAuthenticated`, `requireQuizPassed","AUTH","`SELF`","no","PO-30: იმავე ვერსიის პირველი ქვითარი/დრო უცვლელია განმეორებაზე; covering mandatory status-ები იგივე ტრანზაქციაში ივსება და ყველა რეალური ცვლილება აუდიტდება. Retention purge-იდან გამორიცხული.","ArticleBulkOperationsIntegrationTest.java; ArticleRequestDraftConsistencyTest.java; ArticleRequestStatusValidationTest.java; ArticleSummaryResponseTest.java; ArticleCommandControllerIntegrationTest.java; ArticleControllerIntegrationTest.java","article-due-date.spec.ts; admin-article-history.spec.ts; admin-article-drawer.spec.ts","UNVERIFIED"
"Article","GET /api/articles/{id}/read-receipt/me","ArticleController.getMyArticleReadReceiptStatus","requireAuthenticated","AUTH","`SELF`","no","მხოლოდ caller-ის `(article, version, operator)` receipt; სხვა caller-ის receipt false მდგომარეობას არ ცვლის.","ArticleBulkOperationsIntegrationTest.java; ArticleRequestDraftConsistencyTest.java; ArticleRequestStatusValidationTest.java; ArticleSummaryResponseTest.java; ArticleCommandControllerIntegrationTest.java; ArticleControllerIntegrationTest.java","article-due-date.spec.ts; admin-article-history.spec.ts; admin-article-drawer.spec.ts","UNVERIFIED"
"Article","GET /api/articles/{id}/read-receipts","ArticleController.getArticleReadReceipts","requireReadEvidenceAccess","content.evidence","`GROUP` (`SYSTEM_ADMIN`: `ORG`; `content.manage`: aggregate-only)","**yes**","პირველი rollout: მოქმედი ჯგუფის assignment სახელობით rows-ს მხოლოდ საკუთარ ჯგუფზე ხსნის; `content.manage` org-wide საერთო რაოდენობებს, მაგრამ არა სახელებს; `SYSTEM_ADMIN` org-wide სახელობით rows-ს. დეპარტამენტის assignment ჯერ არააქტიურია. email response-ში არ შედის.","ArticleBulkOperationsIntegrationTest.java; ArticleRequestDraftConsistencyTest.java; ArticleRequestStatusValidationTest.java; ArticleSummaryResponseTest.java; ArticleCommandControllerIntegrationTest.java; ArticleControllerIntegrationTest.java","article-due-date.spec.ts; admin-article-history.spec.ts; admin-article-drawer.spec.ts","UNVERIFIED"
"Article","GET /api/articles/{id}/related","ArticleController.getRelatedArticles","requireAuthenticated","AUTH","`CONTENT`","no","ხილვადობა target-department-ით (`ArticleQueryService`/`DepartmentMatcher`), არა role-ით.","ArticleBulkOperationsIntegrationTest.java; ArticleRequestDraftConsistencyTest.java; ArticleRequestStatusValidationTest.java; ArticleSummaryResponseTest.java; ArticleCommandControllerIntegrationTest.java; ArticleControllerIntegrationTest.java","article-due-date.spec.ts; admin-article-history.spec.ts; admin-article-drawer.spec.ts","UNVERIFIED"
"Article","POST /api/articles/{id}/unarchive","ArticleController.unarchiveArticle","requireArticlesArchivePermission","articles.archive","`ORG-CONTENT`","no","უკვე permission-ზეა.","ArticleBulkOperationsIntegrationTest.java; ArticleRequestDraftConsistencyTest.java; ArticleRequestStatusValidationTest.java; ArticleSummaryResponseTest.java; ArticleCommandControllerIntegrationTest.java; ArticleControllerIntegrationTest.java","article-due-date.spec.ts; admin-article-history.spec.ts; admin-article-drawer.spec.ts","UNVERIFIED"
"Article","POST /api/articles/{id}/verify","ArticleController.verifyArticle","requireContentManage","content.manage","`ORG-CONTENT`","no","Phase 6 permission-gate. წესი #9: კომპანიის მასშტაბით გამოქვეყნება + სხვისი სტატია + კატეგორიები = ერთი capability.","ArticleBulkOperationsIntegrationTest.java; ArticleRequestDraftConsistencyTest.java; ArticleRequestStatusValidationTest.java; ArticleSummaryResponseTest.java; ArticleCommandControllerIntegrationTest.java; ArticleControllerIntegrationTest.java","article-due-date.spec.ts; admin-article-history.spec.ts; admin-article-drawer.spec.ts","UNVERIFIED"
"Article","GET /api/articles/{id}/versions","ArticleController.getArticleVersions","requireAuthenticated","AUTH","`CONTENT`","no","ხილვადობა target-department-ით (`ArticleQueryService`/`DepartmentMatcher`), არა role-ით.","ArticleBulkOperationsIntegrationTest.java; ArticleRequestDraftConsistencyTest.java; ArticleRequestStatusValidationTest.java; ArticleSummaryResponseTest.java; ArticleCommandControllerIntegrationTest.java; ArticleControllerIntegrationTest.java","article-due-date.spec.ts; admin-article-history.spec.ts; admin-article-drawer.spec.ts","UNVERIFIED"
"Article","POST /api/articles/{id}/view","ArticleController.trackArticleView","requireAuthenticated","AUTH","`SELF`","no","საკუთარი ჩანაწერი ხილულ კონტენტზე.","ArticleBulkOperationsIntegrationTest.java; ArticleRequestDraftConsistencyTest.java; ArticleRequestStatusValidationTest.java; ArticleSummaryResponseTest.java; ArticleCommandControllerIntegrationTest.java; ArticleControllerIntegrationTest.java","article-due-date.spec.ts; admin-article-history.spec.ts; admin-article-drawer.spec.ts","UNVERIFIED"
"Article","GET /api/articles/{id}/views","ArticleController.getArticleViews","requireSystemAdmin","SYSTEM_ADMIN-only log","`ORG`","**yes**","სტატიის უბრალო გახსნა ოფიციალური წაკითხვა არ არის და leadership evidence-ში არ ჩანს. export ცალკე SYSTEM_ADMIN-only log surface-ზე კეთდება.","ArticleBulkOperationsIntegrationTest.java; ArticleRequestDraftConsistencyTest.java; ArticleRequestStatusValidationTest.java; ArticleSummaryResponseTest.java; ArticleCommandControllerIntegrationTest.java; ArticleControllerIntegrationTest.java","article-due-date.spec.ts; admin-article-history.spec.ts; admin-article-drawer.spec.ts","UNVERIFIED"
"Article","GET /api/me/recently-viewed","ArticleController.getMyRecentlyViewed","requireAuthenticated","AUTH","`SELF`","no","მხოლოდ მომძახებლის view rows dedupe-დება; სხვა caller-ის recently-viewed ჩანაწერი არ ჩანს.","ArticleBulkOperationsIntegrationTest.java; ArticleRequestDraftConsistencyTest.java; ArticleRequestStatusValidationTest.java; ArticleSummaryResponseTest.java; ArticleCommandControllerIntegrationTest.java; ArticleControllerIntegrationTest.java","article-due-date.spec.ts; admin-article-history.spec.ts; admin-article-drawer.spec.ts","UNVERIFIED"
"AuditLog","GET /api/audit-logs","AuditLogController.list","requireSystemAdmin","SYSTEM_ADMIN role","`ORG`","**yes**","Raw audit/log მონაცემი მხოლოდ სისტემურ ადმინს აქვს; მენეჯერს რჩება scoped compliance UI.","AuditLogControllerTest.java; AuditLogControllerIntegrationTest.java","","UNVERIFIED"
"AuditLog","GET /api/audit-logs/chain-health","AuditLogController.chainHealth","requireSystemAdmin","SYSTEM_ADMIN role","`ORG`","**yes**","Integrity tooling მხოლოდ სისტემური ადმინისთვისაა.","AuditLogControllerTest.java; AuditLogControllerIntegrationTest.java","","UNVERIFIED"
"AuditLog","GET /api/audit-logs/export","AuditLogController.export","requireSystemAdmin","SYSTEM_ADMIN role","`ORG`","**yes**","სრული log-export მხოლოდ სისტემური ადმინისთვისაა.","AuditLogControllerTest.java; AuditLogControllerIntegrationTest.java","","UNVERIFIED"
"AuditLog","GET /api/audit-logs/{id}/verify","AuditLogController.verify","requireSystemAdmin","SYSTEM_ADMIN role","`ORG`","**yes**","ჩანაწერის integrity verification მხოლოდ სისტემური ადმინისთვისაა.","AuditLogControllerTest.java; AuditLogControllerIntegrationTest.java","","UNVERIFIED"
"Auth","POST /api/auth/login","AuthController.login","—","—","`NONE`","no","ავტორიზაციამდელი; rate limit + `ClientIpResolver`. `CORPORATE_AUTH_ENABLED=true`-ით პაროლს კომპანიის OAuth2 სერვისი (`ldap_auth`) ამოწმებს; ტოკენები არ ინახება. PO-31: მინიმუმ ერთი `OAUTH_ROLE_MAP`-ში ცნობილი InfoPortal როლი აუცილებელია; არქონა ახალ შესვლას უარყოფს და არსებული ანგარიშის ძველ token-ებს აუქმებს, ჩანაწერებს არ შლის. გათიშული ანგარიში სწორი პაროლითაც ვერ შედის (PO-24). ყველა წარუმატებელ შესვლაზე ერთი ტექსტი (PO-26); მიუწვდომელი სერვისი → 503, `LOGIN_FAILED` არ იწერება. production-ში ჩამრთველის გარეშე 403 (PO-25).","AuthControllerIntegrationTest.java","auth.spec.ts","UNVERIFIED"
"Auth","POST /api/auth/logout","AuthController.logout","requireAuthenticated","AUTH","`SELF`","no","ზრდის `token_version`-ს (SEC-14). PO-20 (2026-08-31): მოქმედ სესიას მოითხოვს; ანონიმური idempotent გასვლა მოხსნილია, რადგან frontend ვადაგასულ ჩანართში აღარავის ტოვებს.","AuthControllerIntegrationTest.java","auth.spec.ts","UNVERIFIED"
"Auth","POST /api/auth/sso/start","AuthController.startCorporateSso","—","—","`NONE`","no","ყოველთვის 503. IT-მ redirect-ის ნაცვლად `ldap_auth` grant აირჩია, ამიტომ კომპანიის შესვლა `POST /api/auth/login`-ით ხდება; ეს გზა redirect-flow-ს არ ელოდება.","AuthControllerIntegrationTest.java","auth.spec.ts","UNVERIFIED"
"Auth","POST /api/auth/session/heartbeat","PortalSessionController.heartbeat","requireAuthenticated","AUTH","`SELF`","no","global authenticated boundary + caller/session binding: valid-CSRF/no-auth-ზე stable JSON 401; valid token მხოლოდ caller-ის bind-ებულ session `last_seen_at`-ს touch-ავს და სხვა user-ის session-ს არ ცვლის.","AuthControllerIntegrationTest.java","auth.spec.ts","UNVERIFIED"
"Auth","GET /api/auth/sessions","PortalSessionController.list","requireAuthenticated","AUTH","`SELF`","**yes**","მხოლოდ მომძახებლის მოქმედი session-ები და მიმდინარე session marker.","AuthControllerIntegrationTest.java","auth.spec.ts","UNVERIFIED"
"Auth","DELETE /api/auth/sessions/{sessionId}","PortalSessionController.revoke","requireAuthenticated","AUTH","`SELF`","**yes**","მხოლოდ მომძახებლის session-ის revoke; უცხო valid id established 204 opaque no-op-ია, owner session/token აქტიური რჩება, უცხო list-ში არ ჩანს და success audit არ იწერება.","AuthControllerIntegrationTest.java","auth.spec.ts","UNVERIFIED"
"Category","GET /api/categories","CategoryController.getCategories","requireAuthenticated","AUTH","`CONTENT`","no","ხილვადობა target-department-ით (`ArticleQueryService`/`DepartmentMatcher`), არა role-ით.","CategoryControllerIntegrationTest.java","","UNVERIFIED"
"Category","POST /api/categories","CategoryController.createCategory","requireContentManage","content.manage","`ORG-CONTENT`","no","Phase 6 permission-gate. წესი #9: კომპანიის მასშტაბით გამოქვეყნება + სხვისი სტატია + კატეგორიები = ერთი capability.","CategoryControllerIntegrationTest.java","","UNVERIFIED"
"Category","DELETE /api/categories/{id}","CategoryController.deleteCategory","requireContentManage","content.manage","`ORG-CONTENT`","no","R5: გამოყენებული კატეგორია `409`-ით იკეტება; ჩუმი fallback reassignment აღარ ხდება.","CategoryControllerIntegrationTest.java","","UNVERIFIED"
"Category","PUT /api/categories/{id}","CategoryController.updateCategory","requireContentManage","content.manage","`ORG-CONTENT`","no","Phase 6 permission-gate. წესი #9: კომპანიის მასშტაბით გამოქვეყნება + სხვისი სტატია + კატეგორიები = ერთი capability.","CategoryControllerIntegrationTest.java","","UNVERIFIED"
"Compliance","POST /api/compliance/mark-read/{readingId}","ComplianceController.markRead","requireAuthenticated","AUTH","`SELF`","no","PO-30: პირველი `read_at` და შესაბამისი versioned receipt უცვლელია განმეორებაზე; ორივე ცვლილება და განმეორებითი მცდელობა აუდიტდება. Status `(user_id, required_reading_id)`-ზე და receipt caller-ზე bind-დება; სხვა eligible caller `unread` რჩება. Retention purge-იდან გამორიცხულია.","ComplianceControllerIntegrationTest.java","","UNVERIFIED"
"Compliance","GET /api/compliance/my-progress","ComplianceController.getMyProgress","requireAuthenticated","AUTH","`SELF`","no","eligible-reading total audience წესს მიჰყვება; completed/pending/percentage მხოლოდ caller-ის read-status rows-იდან ითვლება და სხვა caller-ის completion არ ერთვის.","ComplianceControllerIntegrationTest.java","","UNVERIFIED"
"Compliance","GET /api/compliance/my-readings","ComplianceController.getMyReadings","requireAuthenticated","AUTH","`SELF`","no","მხოლოდ მომძახებლის საკუთარი status ერთვის eligible reading-ს; სხვა caller-ის acknowledgement არ ჩანს.","ComplianceControllerIntegrationTest.java","","UNVERIFIED"
"Compliance","POST /api/compliance/required-readings","ComplianceController.createRequiredReading","requireComplianceAssign","compliance.assign","`ORG-CONTENT`","no","წესი #12: target არის დეპარტამენტი ან `All`, არასოდეს ჯგუფი.","ComplianceControllerIntegrationTest.java","","UNVERIFIED"
"Compliance","GET /api/compliance/required-readings/by-item/{itemType}/{itemId}","ComplianceController.getRequiredReadingForItem","requireComplianceAssign","compliance.assign","`ORG-CONTENT`","no","Phase 6: read/edit drawer-იც იმავე capability-ით იმართება.","ComplianceControllerIntegrationTest.java","","UNVERIFIED"
"Compliance","DELETE /api/compliance/required-readings/{readingId}","ComplianceController.deleteRequiredReading","requireComplianceAssign","compliance.assign","`ORG-CONTENT`","no","წესი #12: target არის დეპარტამენტი ან `All`, არასოდეს ჯგუფი.","ComplianceControllerIntegrationTest.java","","UNVERIFIED"
"Compliance","PUT /api/compliance/required-readings/{readingId}","ComplianceController.updateRequiredReading","requireComplianceAssign","compliance.assign","`ORG-CONTENT`","no","წესი #12: target არის დეპარტამენტი ან `All`, არასოდეს ჯგუფი.","ComplianceControllerIntegrationTest.java","","UNVERIFIED"
"Export","POST /api/admin/exports/article-views","AdminExportController.articleViews","requireSystemAdmin","SYSTEM_ADMIN","`ORG`","**yes**","ცალკე XLSX; optional `from`/`through`; მხოლოდ owner ჩამოტვირთავს; `EXPORT_ADMIN_ARTICLE_VIEWS` audit.","AdminExportControllerTest.java; ExportControllerScopeGateTest.java; ExportControllerIntegrationTest.java; ExportControllerDownloadTest.java","","UNVERIFIED"
"Export","POST /api/admin/exports/audit-ledger","AdminExportController.auditLedger","requireSystemAdmin","SYSTEM_ADMIN","`ORG`","**yes**","audit + integrity/hash-chain metadata; JSON details credential-redaction-ით; `EXPORT_ADMIN_AUDIT_LEDGER` audit.","AdminExportControllerTest.java; ExportControllerScopeGateTest.java; ExportControllerIntegrationTest.java; ExportControllerDownloadTest.java","","UNVERIFIED"
"Export","POST /api/admin/exports/change-events","AdminExportController.changeEvents","requireSystemAdmin","SYSTEM_ADMIN","`ORG`","**yes**","user/content/admin/security მოვლენების ცალკე XLSX და audit action.","AdminExportControllerTest.java; ExportControllerScopeGateTest.java; ExportControllerIntegrationTest.java; ExportControllerDownloadTest.java","","UNVERIFIED"
"Export","POST /api/admin/exports/quiz-attempts","AdminExportController.quizAttempts","requireSystemAdmin","SYSTEM_ADMIN","`ORG`","**yes**","მხოლოდ რეალურად შენახული score/version/result; არჩეული პასუხები schema-ში არ არსებობს და არ იგონება.","AdminExportControllerTest.java; ExportControllerScopeGateTest.java; ExportControllerIntegrationTest.java; ExportControllerDownloadTest.java","","UNVERIFIED"
"Export","POST /api/admin/exports/read-evidence","AdminExportController.readEvidence","requireSystemAdmin","SYSTEM_ADMIN","`ORG`","**yes**","article receipt + required-reading status ერთ explicit allowlist-ში.","AdminExportControllerTest.java; ExportControllerScopeGateTest.java; ExportControllerIntegrationTest.java; ExportControllerDownloadTest.java","","UNVERIFIED"
"Export","POST /api/admin/exports/search-history","AdminExportController.searchHistory","requireSystemAdmin","SYSTEM_ADMIN","`ORG`","**yes**","საძიებო ტექსტი, შედეგის ფაქტი/რაოდენობა და მომხმარებლის snapshot/current identity.","AdminExportControllerTest.java; ExportControllerScopeGateTest.java; ExportControllerIntegrationTest.java; ExportControllerDownloadTest.java","","UNVERIFIED"
"Export","GET /api/export/download/{jobId}","ExportController.downloadExport","requireReportsExport","reports.export + leadership","`SELF` (`SYSTEM_ADMIN`: legacy owner bypass)","**yes**","D-3: classified `ADMIN_*` export მოითხოვს მოქმედ `SYSTEM_ADMIN` როლს და იმავე owner-ს; როლის დაკარგვის შემდეგ ჩამოტვირთვა 410-ია. სხვა job-ზე unknown owner fail-closed, legacy SYSTEM_ADMIN bypass რჩება.","AdminExportControllerTest.java; ExportControllerScopeGateTest.java; ExportControllerIntegrationTest.java; ExportControllerDownloadTest.java","","UNVERIFIED"
"Export","GET /api/export/readings","ExportController.exportReadingsCsv","requireReportsExport","reports.export + leadership","`GROUP/DEPT`","**yes**","PO-13 target allowlist გადაწყვეტილია; DPO validation და implementation pending — იხ. export allowlist.","AdminExportControllerTest.java; ExportControllerScopeGateTest.java; ExportControllerIntegrationTest.java; ExportControllerDownloadTest.java","","UNVERIFIED"
"Export","GET /api/export/readings.pdf","ExportController.exportReadingsPdf","requireReportsExport","reports.export + leadership","`GROUP/DEPT`","**yes**","PO-13 target allowlist გადაწყვეტილია; DPO validation და implementation pending — იხ. export allowlist.","AdminExportControllerTest.java; ExportControllerScopeGateTest.java; ExportControllerIntegrationTest.java; ExportControllerDownloadTest.java","","UNVERIFIED"
"Export","GET /api/export/readings.xlsx","ExportController.exportReadingsXlsx","requireReportsExport","reports.export + leadership","`GROUP/DEPT`","**yes**","PO-13 target allowlist გადაწყვეტილია; DPO validation და implementation pending — იხ. export allowlist.","AdminExportControllerTest.java; ExportControllerScopeGateTest.java; ExportControllerIntegrationTest.java; ExportControllerDownloadTest.java","","UNVERIFIED"
"Export","GET /api/export/status/{jobId}","ExportController.getExportStatus","requireReportsExport","reports.export + leadership","`SELF` (`SYSTEM_ADMIN`: legacy owner bypass)","**yes**","classified `ADMIN_*` job მოითხოვს მოქმედ `SYSTEM_ADMIN` როლს და იმავე owner-ს; როლის დაკარგვის შემდეგ სტატუსი 404-ია. სხვა job-ზე D-3 owner/legacy SYSTEM_ADMIN წესი მოქმედებს.","AdminExportControllerTest.java; ExportControllerScopeGateTest.java; ExportControllerIntegrationTest.java; ExportControllerDownloadTest.java","","UNVERIFIED"
"Export","GET /api/export/team-stats.pdf","ExportController.exportTeamStatsPdf","requireReportsExport","reports.export + leadership","`GROUP/DEPT`","**yes**","სვეტები allowlist-ით (§ export allowlist). raw log ველი აკრძალულია.","AdminExportControllerTest.java; ExportControllerScopeGateTest.java; ExportControllerIntegrationTest.java; ExportControllerDownloadTest.java","","UNVERIFIED"
"Favorite","GET /api/favorites","FavoriteController.getFavorites","requireAuthenticated","AUTH","`SELF`","no","მხოლოდ caller-ის rows; იმავე item-ზე სხვა caller-ის favorite list-ში არ ჩანს.","FavoriteControllerIntegrationTest.java","","UNVERIFIED"
"Favorite","POST /api/favorites","FavoriteController.addFavorite","requireAuthenticated","AUTH","`SELF`","no","uniqueness caller+item-ზეა: იგივე item-ზე ორი caller ცალკე favorite row-ს ქმნის.","FavoriteControllerIntegrationTest.java","","UNVERIFIED"
"Favorite","DELETE /api/favorites/{id}","FavoriteController.removeFavorite","requireAuthenticated","AUTH","`SELF`","no","მხოლოდ caller-ის row; უცხო owner-ის valid favorite ID 404-ია, ხოლო owner row უცვლელი რჩება. საკუთარი delete სხვა caller-ის იმავე-item row-ს არ შლის.","FavoriteControllerIntegrationTest.java","","UNVERIFIED"
"Health","GET /api/health","HealthController.health","—","—","`NONE`","no","ინფრასტრუქტურული probe.","HealthEndpointIntegrationTest.java; HealthEndpointDownIntegrationTest.java; HealthControllerTest.java","","UNVERIFIED"
"Broadcast","GET /api/broadcasts","BroadcastController.getActive","requireAuthenticated","AUTH","`ORG-CONTENT`","no","ყველა ავტორიზებული თანამშრომელი ხედავს მხოლოდ აქტიურ საერთო განცხადებებს; recipient/read/acknowledgment არ არსებობს.","BroadcastControllerIntegrationTest.java","","UNVERIFIED"
"Broadcast","POST /api/broadcasts","BroadcastController.publish","requireAnnouncementPublisher","announcement.publish","`ORG-CONTENT`","no","composite gate საკუთარ თავში ამოწმებს authentication-საც: `content.manage`, მოქმედი ჯგუფის PRIMARY/ACTING ლიდერი ან SYSTEM_ADMIN; აუდიტორია ყოველთვის მთელი კომპანიაა.","BroadcastControllerIntegrationTest.java","","UNVERIFIED"
"Broadcast","GET /api/broadcasts/history","BroadcastController.getHistory","requireAnnouncementPublisher","announcement.publish","`ORG-CONTENT`","no","paginated აქტიური/ვადაგასული/ადრე დასრულებული ისტორია; targeting არ არსებობს.","BroadcastControllerIntegrationTest.java","","UNVERIFIED"
"Broadcast","POST /api/broadcasts/{broadcastId}/end","BroadcastController.endEarly","requireAnnouncementPublisher","announcement.publish","`OWN-CONTENT`","no","დროზე ადრე ასრულებს მხოლოდ გამომქვეყნებელი ან SYSTEM_ADMIN; ოპტიმისტური lock იცავს კონკურენტულ ცვლილებას.","BroadcastControllerIntegrationTest.java","","UNVERIFIED"
"Reminders","GET /api/reminders","ReminderController.inbox","requireAuthenticated","AUTH","`SELF`","no","მხოლოდ caller recipient ID-ის paginated fixed-template rows; სხვა recipient-ის reminder ID არ ჩანს; reply/chat/free text არ არსებობს.","ReminderControllerIntegrationTest.java","","UNVERIFIED"
"Reminders","POST /api/reminders/{reminderId}/read","ReminderController.markRead","requireAuthenticated","AUTH","`SELF`","no","ownership lookup უცხო და არარსებულ id-ს ერთნაირ `404`-ად აბრუნებს; ერთი caller-ის read state სხვა recipient row-ს არ ცვლის; განმეორებითი read იდემპოტენტურია.","ReminderControllerIntegrationTest.java","","UNVERIFIED"
"Reminders","POST /api/reminders/users/{userId}/send","ReminderController.sendManual","requireAuthenticated","AUTH + `ScopeResolver.resolveGroupLeadership`","`GROUP` (`SYSTEM_ADMIN`: `ORG`)","**yes**","PRIMARY/ACTING ჯგუფის უფროსი მხოლოდ საკუთარ აქტიურ წევრს უგზავნის server-owned ფიქსირებულ ტექსტს; 24-საათიანი recipient cooldown, audit და DB lock სავალდებულოა.","ReminderControllerIntegrationTest.java","","UNVERIFIED"
"ContentTrash","GET /api/content-trash","ContentTrashController.listTrash","requireContentManage","content.manage","`ORG-CONTENT`","**yes**","R5: article/news/video-ის საერთო 30-დღიანი სანაგვე; აჩვენებს ჩამგდები პირის სახელს და legal-hold მდგომარეობას.","ContentTrashControllerIntegrationTest.java","","UNVERIFIED"
"ContentTrash","POST /api/content-trash/{itemType}/{itemId}/restore","ContentTrashController.restore","requireContentManage","content.manage","`ORG-CONTENT`","no","R5: მხოლოდ 30-დღიანი ფანჯრის შიგნით; მასალა და მისი orphaned attachment ისევ არქივში ბრუნდება.","ContentTrashControllerIntegrationTest.java","","UNVERIFIED"
"ContentTrash","DELETE /api/content-trash/{itemType}/{itemId}","ContentTrashController.purge","requireSystemAdmin","SYSTEM_ADMIN","`ORG`","no","R5: მხოლოდ ვადის გასვლის შემდეგ, legal hold-ის გარეშე; explicit/manual purge, evidence-safe და სრულად აუდიტირებული.","ContentTrashControllerIntegrationTest.java","","UNVERIFIED"
"ContentTrash","POST /api/content-trash/{itemType}/{itemId}/legal-hold","ContentTrashController.setLegalHold","requireLegalHoldAuthority","DPO/Legal-approved named authority","`ORG`","no","default allowlist ცარიელია და ყველა როლს fail-closed უარყოფს; set სრულად აუდიტირდება.","ContentTrashControllerIntegrationTest.java","","UNVERIFIED"
"ContentTrash","DELETE /api/content-trash/{itemType}/{itemId}/legal-hold","ContentTrashController.releaseLegalHold","requireLegalHoldAuthority","DPO/Legal-approved named authority","`ORG`","no","release მხოლოდ recoverable trash-ზეა, named authority-ით და reconstructable audit-ით.","ContentTrashControllerIntegrationTest.java","","UNVERIFIED"
"News","GET /api/news","NewsController.getNews","requireAuthenticated","AUTH","`CONTENT`","no","ხილვადობა target-department-ით (`ArticleQueryService`/`DepartmentMatcher`), არა role-ით.","NewsControllerIntegrationTest.java","admin-news-videos.spec.ts","UNVERIFIED"
"News","POST /api/news","NewsController.createNews","requireContentManage","content.manage","`ORG-CONTENT`","no","Phase 6 permission-gate. წესი #9: კომპანიის მასშტაბით გამოქვეყნება + სხვისი სტატია + კატეგორიები = ერთი capability.","NewsControllerIntegrationTest.java","admin-news-videos.spec.ts","UNVERIFIED"
"News","POST /api/news/command","NewsCommandController.create","—","content.manage + compliance.assign","`ORG-CONTENT`","no","სიახლე და სავალდებულო დავალება ერთ ტრანზაქციაში ინახება; დელეგირებული gate-ები ძალაში რჩება.","NewsControllerIntegrationTest.java","admin-news-videos.spec.ts","UNVERIFIED"
"News","DELETE /api/news/{id}","NewsController.deleteNews","requireContentManage","content.manage","`ORG-CONTENT`","no","R5: მხოლოდ უკვე არქივირებული სიახლე გადადის 30-დღიან აღდგენად სანაგვეში.","NewsControllerIntegrationTest.java","admin-news-videos.spec.ts","UNVERIFIED"
"News","GET /api/news/{id}","NewsController.getNewsItem","requireAuthenticated","AUTH","`CONTENT`","no","`NewsVisibility`: პირადი მონახაზი მხოლოდ მის content-admin ავტორს; სხვას 404, ადმინისტრატორსაც. ვადაგასულ/არქივირებულ სიახლეზე ოპერატორს 404, content admin-ს წვდომა აქვს. მოქმედ გამოქვეყნებულზე admin bypass ან `DepartmentMatcher`.","NewsControllerIntegrationTest.java","admin-news-videos.spec.ts","UNVERIFIED"
"News","PUT /api/news/{id}","NewsController.updateNews","requireContentManage","content.manage","`ORG-CONTENT`","no","Phase 6 permission-gate. წესი #9: კომპანიის მასშტაბით გამოქვეყნება + სხვისი სტატია + კატეგორიები = ერთი capability.","NewsControllerIntegrationTest.java","admin-news-videos.spec.ts","UNVERIFIED"
"News","PUT /api/news/{id}/command","NewsCommandController.update","—","content.manage + compliance.assign","`ORG-CONTENT`","no","სიახლისა და დავალების ცვლილება ატომურია.","NewsControllerIntegrationTest.java","admin-news-videos.spec.ts","UNVERIFIED"
"News","POST /api/news/{id}/archive","NewsController.archiveNews","requireContentManage","content.manage","`ORG-CONTENT`","no","R5: explicit archive; ოპერატორის ხედიდან და search index-იდან იმალება.","NewsControllerIntegrationTest.java","admin-news-videos.spec.ts","UNVERIFIED"
"News","PATCH /api/news/{id}/autosave","NewsController.autosaveNews","requireContentManage","content.manage","`ORG-CONTENT`","no","Phase 6 permission-gate. წესი #9: კომპანიის მასშტაბით გამოქვეყნება + სხვისი სტატია + კატეგორიები = ერთი capability.","NewsControllerIntegrationTest.java","admin-news-videos.spec.ts","UNVERIFIED"
"News","GET /api/news/{id}/history","NewsController.getNewsHistory","requireContentManage","content.manage","`ORG-CONTENT`","no","Phase 6 permission-gate. წესი #9: კომპანიის მასშტაბით გამოქვეყნება + სხვისი სტატია + კატეგორიები = ერთი capability.","NewsControllerIntegrationTest.java","admin-news-videos.spec.ts","UNVERIFIED"
"News","GET /api/news/{id}/history-summary","NewsController.getNewsHistorySummary","requireContentManage","content.manage","`ORG-CONTENT`","no","იგივე history scope; CLOB-free metadata list, content ცალკე selected-detail request-ით.","NewsControllerIntegrationTest.java","admin-news-videos.spec.ts","UNVERIFIED"
"News","GET /api/news/{id}/history/{historyId}","NewsController.getNewsHistoryItem","requireContentManage","content.manage","`ORG-CONTENT`","no","იგივე history scope; ერთი selected revision payload. `{historyId}` owning news-ზეა scoped; foreign-parent ID 404-ია.","NewsControllerIntegrationTest.java","admin-news-videos.spec.ts","UNVERIFIED"
"News","POST /api/news/{id}/history/{historyId}/restore","NewsController.restoreNewsVersion","requireContentManage","content.manage","`ORG-CONTENT`","no","Phase 6 permission-gate. Foreign-parent history ID 404-ია და target/audit უცვლელია. წესი #9 უცვლელია.","NewsControllerIntegrationTest.java","admin-news-videos.spec.ts","UNVERIFIED"
"News","POST /api/news/{id}/unarchive","NewsController.unarchiveNews","requireContentManage","content.manage","`ORG-CONTENT`","no","R5: explicit unarchive და search reindex.","NewsControllerIntegrationTest.java","admin-news-videos.spec.ts","UNVERIFIED"
"Org","DELETE /api/admin/org/assignments/{assignmentId}","OrgAdminController.deactivateAssignment","requireSystemAdmin","—","`ORG`","**yes**","Phase 8. soft deactivate; ისტორიული მწკრივი რჩება და actor-ით აუდიტდება. `org.manage` განზრახ არ გამოიყენება (SEC-06).","OrgAdminControllerIntegrationTest.java","","UNVERIFIED"
"Org","GET /api/admin/org/assignments","OrgAdminController.getAssignments","requireSystemAdmin","—","`ORG`","**yes**","Phase 8. მოქმედი და ისტორიული PRIMARY/ACTING დანიშვნები resolved employee/scope სახელებით.","OrgAdminControllerIntegrationTest.java","","UNVERIFIED"
"Org","GET /api/admin/org/structure","OrgAdminController.getStructure","requireSystemAdmin","—","`ORG`","**yes**","Phase 8. AD-owned დეპარტამენტები → ჯგუფები → აქტიური წევრების რაოდენობა; read-only.","OrgAdminControllerIntegrationTest.java","","UNVERIFIED"
"Org","POST /api/admin/org/assignments","OrgAdminController.createAssignment","requireSystemAdmin","—","`ORG`","**yes**","Phase 8. ჯგუფის ან დეპარტამენტის PRIMARY/ACTING ლიდერი; PRIMARY collision გასაგები conflict-ით უარყოფილია და ცვლილება აუდიტდება.","OrgAdminControllerIntegrationTest.java","","UNVERIFIED"
"Platform","GET /api/notifications/summary","PlatformController.getNotificationsSummary","requireAuthenticated","AUTH","`SELF`","no","unread readings/status და reminder count caller ID-ზეა scoped; სხვა recipient-ის unread reminder aggregate-ში არ შედის.","PlatformControllerIntegrationTest.java","","UNVERIFIED"
"Platform","GET /api/tags","PlatformController.getTags","requireAuthenticated","AUTH","`CONTENT`","no","ხილვადობა target-department-ით (`ArticleQueryService`/`DepartmentMatcher`), არა role-ით.","PlatformControllerIntegrationTest.java","","UNVERIFIED"
"PolicyDiagnostics","GET /api/admin/org-backfill/report","PolicyDiagnosticsController.getBackfillReport","requireSystemAdmin","org.manage `NEW`","`ORG`","**yes**","dry run. ასახელებს მომხმარებლებს, რომელთა განთავსებაც ვერ მოხერხდა — ე.ი. თანამშრომლის მონაცემია. `blocks_cutover` არის §8-ის gate ერთ ველში.","PolicyDiagnosticsControllerTest.java","","UNVERIFIED"
"PolicyDiagnostics","POST /api/admin/org-backfill/apply","PolicyDiagnosticsController.applyBackfill","requireSystemAdmin","org.manage `NEW`","`ORG`","**yes**","იდემპოტენტური; აუდიტირდება `ORG_BACKFILL_APPLY`-ით. Phase 8 ამას ეკრანს დაადებს, არ შეცვლის ვის შეუძლია.","PolicyDiagnosticsControllerTest.java","","UNVERIFIED"
"PolicyDiagnostics","GET /api/admin/policy-shadow","PolicyDiagnosticsController.getPolicyShadow","requireSystemAdmin","org.manage `NEW`","`NONE`","no","მხოლოდ მრიცხველები decision point-ების მიხედვით; პერსონალურ მონაცემს არ ატარებს. `unexercised` რიცხვებზე ადრე უნდა წაიკითხოთ.","PolicyDiagnosticsControllerTest.java","","UNVERIFIED"
"Quiz","GET /api/articles/{id}/quiz","QuizController.getArticleQuiz","requireAuthenticated","AUTH","`SELF`","no","compliance-ის მტკიცებულება; retention purge-იდან გამორიცხული.","QuizControllerIntegrationTest.java; QuizControllerCardinalityTest.java","quiz-gate.spec.ts","UNVERIFIED"
"Quiz","GET /api/articles/{id}/quiz/admin","QuizController.getArticleQuizAdmin","requireContentManage","content.manage","`ORG-CONTENT`","no","Phase 6 permission-gate. წესი #9: კომპანიის მასშტაბით გამოქვეყნება + სხვისი სტატია + კატეგორიები = ერთი capability.","QuizControllerIntegrationTest.java; QuizControllerCardinalityTest.java","quiz-gate.spec.ts","UNVERIFIED"
"Quiz","PUT /api/articles/{id}/quiz/admin","QuizController.updateArticleQuizAdmin","requireContentManage","content.manage","`ORG-CONTENT`","no","Phase 6 permission-gate. წესი #9: კომპანიის მასშტაბით გამოქვეყნება + სხვისი სტატია + კატეგორიები = ერთი capability.","QuizControllerIntegrationTest.java; QuizControllerCardinalityTest.java","quiz-gate.spec.ts","UNVERIFIED"
"Quiz","POST /api/articles/{id}/quiz/attempt","QuizController.submitArticleQuizAttempt","requireAuthenticated","AUTH","`SELF`","no","compliance-ის მტკიცებულება; attempt number `(article_id, version, user_id)`-ზე ითვლება და სხვა caller-ის sequence-ს არ აგრძელებს. Retention purge-იდან გამორიცხული.","QuizControllerIntegrationTest.java; QuizControllerCardinalityTest.java","quiz-gate.spec.ts","UNVERIFIED"
"Quiz","GET /api/users/me/knowledge-score","QuizController.getMyKnowledgeScore","requireAuthenticated","AUTH","`SELF`","no","მხოლოდ მომძახებლის საკუთარი attempts-ის aggregate; სხვა caller-ის pass/score არ აისახება.","QuizControllerIntegrationTest.java; QuizControllerCardinalityTest.java","quiz-gate.spec.ts","UNVERIFIED"
"Search","GET /api/search","SearchController.search","requireAuthenticated","AUTH","`CONTENT`","no","ხილვადობა target-department-ით (`ArticleQueryService`/`DepartmentMatcher`), არა role-ით.","SearchControllerIntegrationTest.java","","UNVERIFIED"
"Search","GET /api/search/global","SearchController.searchGlobal","requireAuthenticated","AUTH","`CONTENT`","no","ხილვადობა target-department-ით (`ArticleQueryService`/`DepartmentMatcher`), არა role-ით.","SearchControllerIntegrationTest.java","","UNVERIFIED"
"Search","GET /api/search/history","SearchController.searchHistory","requireAuthenticated","AUTH","`SELF`","no","მხოლოდ მომძახებლის search-log rows; სხვა caller-ის terms/history არ ჩანს.","SearchControllerIntegrationTest.java","","UNVERIFIED"
"Stats","GET /api/admin/critical-operators","StatsController.getCriticalOperators","requireManagerOrAdmin","AUTH + leadership","`GROUP/DEPT`","**yes**","Phase 0: `ManagerScope`. Phase 4: `ScopeResolver`; nested group/department row-ებიც იფილტრება.","StatsControllerIntegrationTest.java; StatsControllerDepartmentScopeTest.java","team-stats.spec.ts; shell-and-stats.spec.ts","UNVERIFIED"
"Stats","GET /api/admin/departments/{department}/groups/{groupName}/users","StatsController.getGroupUsers","requireManagerOrAdmin","AUTH + leadership","`GROUP/DEPT`","**yes**","Unassigned legacy caller კვლავ `ManagerScope`-ზეა. Assignment-backed caller-ის path ჯერ ერთ active canonical department/team target-ად უნდა resolve-დეს: missing/ambiguous/foreign target 403-ია; valid assigned empty group 200/empty რჩება; rows exact `team_id`-ით იფილტრება.","StatsControllerIntegrationTest.java; StatsControllerDepartmentScopeTest.java","team-stats.spec.ts; shell-and-stats.spec.ts","UNVERIFIED"
"Stats","GET /api/admin/stats/team/{teamId}","StatsController.getAdminTeamStats","requireSystemAdmin","AUTH + leadership","`ORG`","**yes**","Phase 0: SYSTEM_ADMIN-only. Phase 4: `{teamId}` scope-ზე უნდა შემოწმდეს, არა role-ზე.","StatsControllerIntegrationTest.java; StatsControllerDepartmentScopeTest.java","team-stats.spec.ts; shell-and-stats.spec.ts","UNVERIFIED"
"Stats","GET /api/manager/department-stats","StatsController.getDepartmentStats","requireManagerOrAdmin","AUTH + leadership","`GROUP/DEPT`","**yes**","Phase 0: `ManagerScope`. Phase 4: `ScopeResolver`; nested group/department row-ებიც იფილტრება.","StatsControllerIntegrationTest.java; StatsControllerDepartmentScopeTest.java","team-stats.spec.ts; shell-and-stats.spec.ts","UNVERIFIED"
"Stats","GET /api/manager/leadership-options","StatsController.getLeadershipOptions","requireManagerOrAdmin","AUTH + leadership","`GROUP` (`SYSTEM_ADMIN`: `ORG`)","**yes**","ძირითადი გუნდი ნაგულისხმევია; მოქმედი დროებითი ჯგუფები მხოლოდ UI selector-ს აფართოებს და ექსპორტის scope-ში არ შედის.","StatsControllerIntegrationTest.java; StatsControllerDepartmentScopeTest.java","team-stats.spec.ts; shell-and-stats.spec.ts","UNVERIFIED"
"Stats","GET /api/manager/team-stats","StatsController.getTeamStats","requireManagerOrAdmin","AUTH + leadership","`GROUP/DEPT`","**yes**","Phase 0: `ManagerScope`. Phase 4: `ScopeResolver`; nested group/department row-ებიც იფილტრება.","StatsControllerIntegrationTest.java; StatsControllerDepartmentScopeTest.java","team-stats.spec.ts; shell-and-stats.spec.ts","UNVERIFIED"
"Stats","GET /api/statistics/activity","StatsController.getActivityTrend","requireStatsView","stats.view","`ORG-AGG`","no","D-8 implemented: მხოლოდ აგრეგატები; `content.manage` წვდომას არ ხსნის.","StatsControllerIntegrationTest.java; StatsControllerDepartmentScopeTest.java","team-stats.spec.ts; shell-and-stats.spec.ts","UNVERIFIED"
"Stats","GET /api/statistics/breakdown","StatsController.getStatisticsBreakdown","requireStatsView","stats.view","`ORG-AGG`","no","დაშვებული dimension: department/role/status — `COUNT`, სახელების გარეშე; `content.manage` დამოუკიდებელია.","StatsControllerIntegrationTest.java; StatsControllerDepartmentScopeTest.java","team-stats.spec.ts; shell-and-stats.spec.ts","UNVERIFIED"
"Stats","GET /api/statistics/compliance","StatsController.getComplianceStatistics","requireStatsView","stats.view","`ORG-AGG`","no","მხოლოდ კომპანიის aggregate; სახელობით `/user-progress` კვლავ SYSTEM_ADMIN-only-ია.","StatsControllerIntegrationTest.java; StatsControllerDepartmentScopeTest.java","team-stats.spec.ts; shell-and-stats.spec.ts","UNVERIFIED"
"Stats","GET /api/statistics/failed-searches","StatsController.getFailedSearches","requireStatsView","stats.view","`ORG-AGG`","no","მხოლოდ aggregate terms/count; `content.manage` დამოუკიდებელია.","StatsControllerIntegrationTest.java; StatsControllerDepartmentScopeTest.java","team-stats.spec.ts; shell-and-stats.spec.ts","UNVERIFIED"
"Stats","GET /api/statistics/kpi","StatsController.getKpiCounts","requireStatsView","stats.view","`ORG-AGG`","no","მხოლოდ aggregate counts; `content.manage` დამოუკიდებელია.","StatsControllerIntegrationTest.java; StatsControllerDepartmentScopeTest.java","team-stats.spec.ts; shell-and-stats.spec.ts","UNVERIFIED"
"Stats","GET /api/statistics/popular-searches","StatsController.getPopularSearches","requireStatsView","stats.view","`ORG-AGG`","no","მხოლოდ aggregate terms/count; `content.manage` დამოუკიდებელია.","StatsControllerIntegrationTest.java; StatsControllerDepartmentScopeTest.java","team-stats.spec.ts; shell-and-stats.spec.ts","UNVERIFIED"
"Stats","GET /api/statistics/user-progress","StatsController.getUserProgress","requireSystemAdmin","AUTH + leadership","`ORG`","**yes**","ყველა თანამშრომლის სახელი + დეპარტამენტი + პროცენტი. სწორად SYSTEM_ADMIN-only; Phase 4-ზე scope-ით უნდა გაიხსნას leadership-ისთვის, არა role-ით.","StatsControllerIntegrationTest.java; StatsControllerDepartmentScopeTest.java","team-stats.spec.ts; shell-and-stats.spec.ts","UNVERIFIED"
"Upload","POST /api/upload","UploadController.uploadFile","requireContentManage","content.manage","`ORG-CONTENT`","no","Phase 6 permission-gate. წესი #9: კომპანიის მასშტაბით გამოქვეყნება + სხვისი სტატია + კატეგორიები = ერთი capability.","UploadControllerIntegrationTest.java","nginx-upload.spec.ts","UNVERIFIED"
"UploadedFile","GET /uploads/{filename}","UploadedFileController.serve","—","AUTH","`AUTH`","content-dependent","`@AuthenticationPrincipal` null-ზე 401; წარმატებული წვდომა აუდიტირდება და პასუხი `no-store`-ია. ავთენტიფიკაციის **შემდეგ** `FileAccessPolicy` ამოწმებს, აქვს თუ არა წვდომა მიმთითებელ კონტენტზე (DEC-P01) — უარი 404-ია. სტატიის სრული შენახული აუდიტორია გამოიყენება (1000-მდე); `is_draft` დანართი მხოლოდ ავტორს ეხსნება. პირადი სიახლის reference ავტორის გარდა წვდომას არ იძლევა (`NewsVisibility`); სხვა ხილული reference კვლავ საკმარისია. ვიდეოს reference დამატებით `VideoVisibility`-ის department/prefix/All/admin წესს ამოწმებს. ფაილის archive/trash უარი უცვლელია. enforcement `ROLLOUT_FILE_ENTITLEMENT`-ზეა: `false` = shadow (ითვლება და აუდიტში იწერება `FILE_ACCESS_SHADOW_DENY`-ად, ფაილი მაინც გაიცემა). იხ. `docs/ROLLOUT_ROLLBACK_KA.md`.","AttachmentAccessIntegrationTest.java; FileEntitlementEnforcedIntegrationTest.java","","UNVERIFIED"
"User","GET /api/admin/group-leaders","UserController.getGroupLeaders","requireSystemAdmin","org.manage `NEW`","`ORG`","**yes**","დღეს `role == MANAGER`-იდან; Phase 4-ზე leadership assignment-იდან.","UserControllerIntegrationTest.java","admin-users.spec.ts","UNVERIFIED"
"User","POST /api/admin/roles/bulk-reassign","UserController.bulkReassignRoles","requireSystemAdmin","org.manage `NEW`","`ORG`","**yes**","SYSTEM_ADMIN. `bulk-reassign` permission override-ს არ შლის (Phase 6). როცა როლებს კომპანიის დირექტორია მართავს (`CORPORATE_AUTH_ENABLED=true`) — 409: აქ დანიშნული როლი მომდევნო შესვლაზე დაბრუნდებოდა.","UserControllerIntegrationTest.java","admin-users.spec.ts","UNVERIFIED"
"User","POST /api/admin/users/bulk-deactivate","UserController.bulkDeactivateUsers","requireSystemAdmin","org.manage `NEW`","`ORG`","**yes**","PO-24-ის „წასულების“ გავლა: მხოლოდ გამორთვა (გააქტიურება ჯგუფურად არ ხდება) და მხოლოდ SYSTEM_ADMIN-ს. მომძახებლის საკუთარი ანგარიში ნაკრებიდან ამოდის, ამიტომ ერთი აქტიური ადმინი ყოველთვის რჩება; უკვე გამორთული მწკრივი ხელახლა არ იწერება. თითოეული გამორთვა ცალკე აუდიტის ჩანაწერია (`BULK_DEACTIVATE`, კატეგორია SECURITY).","UserControllerIntegrationTest.java","admin-users.spec.ts","UNVERIFIED"
"User","GET /api/teams","UserController.getTeams","requireAuthenticated","AUTH","`NONE`","no","ორგანიზაციული სტრუქტურა კითხვადია; AD-owned, mutation fail-closed.","UserControllerIntegrationTest.java","admin-users.spec.ts","UNVERIFIED"
"User","POST /api/teams","UserController.createTeam","requireSystemAdmin","—","`NONE`","no","AD-owned: fail-closed `403` (Phase 0). dev fixture მხოლოდ seeder-ით.","UserControllerIntegrationTest.java","admin-users.spec.ts","UNVERIFIED"
"User","GET /api/me/effective-access","UserController.getEffectiveAccess","requireAuthenticated","AUTH","`SELF`","no","Phase 7. მომძახებლის საკუთარი effective permission-ები; სხვა caller-ის explicit override არ ერთვის. `bypass` სისტემური ადმინის შემოვლას აშკარას ხდის.","UserControllerIntegrationTest.java","admin-users.spec.ts","UNVERIFIED"
"User","GET /api/users","UserController.listUsers","requireSystemAdmin","org.manage `NEW`","`ORG`","**yes**","SYSTEM_ADMIN. `bulk-reassign` permission override-ს არ შლის (Phase 6).","UserControllerIntegrationTest.java","admin-users.spec.ts","UNVERIFIED"
"User","POST /api/users","UserController.createUserAdmin","requireSystemAdmin","org.manage `NEW`","`ORG`","**yes**","SYSTEM_ADMIN. `bulk-reassign` permission override-ს არ შლის (Phase 6).","UserControllerIntegrationTest.java","admin-users.spec.ts","UNVERIFIED"
"User","GET /api/users/me","UserController.getCurrentUser","requireAuthenticated","AUTH","`SELF`","no","პროფილის endpoint caller identity-ს აბრუნებს; Phase 7-ის `/api/me/effective-access` UI authorization-ის ცალკე, `bypass`-ით გამჭვირვალე წყაროა. `roles_managed_by_directory` ადმინის ეკრანებს ეუბნება, რომ როლი მხოლოდ საჩვენებელია.","UserControllerIntegrationTest.java","admin-users.spec.ts","UNVERIFIED"
"User","PUT /api/users/me","UserController.updateCurrentUser","requireAuthenticated","AUTH","`SELF`","no","მხოლოდ მომძახებლის დაშვებული profile fields იცვლება; email/role/department და სხვა user უცვლელია.","UserControllerIntegrationTest.java","admin-users.spec.ts","UNVERIFIED"
"User","POST /api/users/me/password","UserController.changeOwnPassword","requireAuthenticated","AUTH","`SELF`","no","AD/directory-owned fail-closed 403; password hash არ იცვლება და success audit არ იწერება. Production local password fallback აკრძალულია.","UserControllerIntegrationTest.java","admin-users.spec.ts","UNVERIFIED"
"User","PUT /api/users/{userId}","UserController.updateUserAdmin","requireSystemAdmin","org.manage `NEW`","`ORG`","**yes**","SYSTEM_ADMIN. Phase 6: profile/role/permission delta ერთ atomic transaction-ში ინახება drawer-ის თავდაპირველი `lock_version`-ით; `bulk-reassign` override-ს არ შლის. როცა როლებს დირექტორია მართავს, **როლის ცვლილება** 409-ია; დეპარტამენტი, პოზიცია და ცალკეული უფლებები კვლავ იცვლება.","UserControllerIntegrationTest.java","admin-users.spec.ts","UNVERIFIED"
"User","PUT /api/users/{userId}/permissions","UserController.adminUpdatePermissions","requireSystemAdmin","org.manage `NEW`","`ORG`","no","Phase 6: flat replace → `INHERIT`/`ALLOW`/`DENY` delta + required optimistic concurrency token; malformed nested delta `400`-ია.","UserControllerIntegrationTest.java","admin-users.spec.ts","UNVERIFIED"
"User","POST /api/users/{userId}/reset-password","UserController.adminResetPassword","requireSystemAdmin","org.manage `NEW`","`ORG`","**yes**","SYSTEM_ADMIN. `bulk-reassign` permission override-ს არ შლის (Phase 6).","UserControllerIntegrationTest.java","admin-users.spec.ts","UNVERIFIED"
"User","PUT /api/users/{userId}/status","UserController.updateUserStatus","requireSystemAdmin","org.manage `NEW`","`ORG`","**yes**","SYSTEM_ADMIN. `bulk-reassign` permission override-ს არ შლის (Phase 6).","UserControllerIntegrationTest.java","admin-users.spec.ts","UNVERIFIED"
"Video","GET /api/videos","VideoController.getVideos","requireAuthenticated","AUTH","`CONTENT`","no","`VideoVisibility`/`DepartmentMatcher`: target department, ჯგუფის prefix ან All; content admin-ის არსებული bypass რჩება. იგივე audience წესი იცავს ვიდეოს ფაილს.","VideoControllerIntegrationTest.java","admin-news-videos.spec.ts","UNVERIFIED"
"Video","POST /api/videos","VideoController.createVideo","requireContentManage","content.manage","`ORG-CONTENT`","no","Phase 6 permission-gate. წესი #9: კომპანიის მასშტაბით გამოქვეყნება + სხვისი სტატია + კატეგორიები = ერთი capability.","VideoControllerIntegrationTest.java","admin-news-videos.spec.ts","UNVERIFIED"
"Video","POST /api/videos/command","VideoCommandController.create","—","content.manage + compliance.assign","`ORG-CONTENT`","no","ვიდეო და სავალდებულო დავალება ერთ ტრანზაქციაში ინახება; დელეგირებული gate-ები ძალაში რჩება.","VideoControllerIntegrationTest.java","admin-news-videos.spec.ts","UNVERIFIED"
"Video","DELETE /api/videos/{id}","VideoController.deleteVideo","requireContentManage","content.manage","`ORG-CONTENT`","no","R5: მხოლოდ უკვე არქივირებული ვიდეო გადადის 30-დღიან აღდგენად სანაგვეში.","VideoControllerIntegrationTest.java","admin-news-videos.spec.ts","UNVERIFIED"
"Video","PUT /api/videos/{id}","VideoController.updateVideo","requireContentManage","content.manage","`ORG-CONTENT`","no","Phase 6 permission-gate. წესი #9: კომპანიის მასშტაბით გამოქვეყნება + სხვისი სტატია + კატეგორიები = ერთი capability.","VideoControllerIntegrationTest.java","admin-news-videos.spec.ts","UNVERIFIED"
"Video","PUT /api/videos/{id}/command","VideoCommandController.update","—","content.manage + compliance.assign","`ORG-CONTENT`","no","ვიდეოსა და დავალების ცვლილება ატომურია.","VideoControllerIntegrationTest.java","admin-news-videos.spec.ts","UNVERIFIED"
"Video","POST /api/videos/{id}/archive","VideoController.archiveVideo","requireVideosArchivePermission","videos.archive","`ORG-CONTENT`","no","უკვე permission-ზეა.","VideoControllerIntegrationTest.java","admin-news-videos.spec.ts","UNVERIFIED"
"Video","POST /api/videos/{id}/unarchive","VideoController.unarchiveVideo","requireVideosArchivePermission","videos.archive","`ORG-CONTENT`","no","უკვე permission-ზეა.","VideoControllerIntegrationTest.java","admin-news-videos.spec.ts","UNVERIFIED"
"Video","POST /api/videos/{id}/view","VideoController.viewVideo","requireAuthenticated","AUTH","`SELF`","no","საკუთარი view count მხოლოდ list-ისავე ხილულ კონტენტზე (`VideoVisibility`): non-admin caller-ს archived ან სხვა department target opaque 404-ია და count არ იცვლება; content admin existing all/archived access-ს ინარჩუნებს. ფაილზე archive უარი admin-საც ეხება.","VideoControllerIntegrationTest.java","admin-news-videos.spec.ts","UNVERIFIED"
